seed_id,source_question_id,question,answer,expected_sources,evidence_count,evidence_child_ids,evidence_titles,evidence_source_files,reference_scope,trap_type,style,category,difficulty,approval_status,corpus_version,index_version
CACHE001,QA001,相続税の基礎控除はいくらで計算しますか,基礎控除額は3000万円に600万円×法定相続人の数を加えた金額。課税価格の合計がこれを超えるかで申告要否を検討する。,No.4102,1,8fbbb1ec508ffa8e,No.4102 相続税がかかる場合,data/markdown/nta_taxanswer_asset_tax/01_inheritance_tax/4102_相続税がかかる場合.md,single,none,formal,相続税,normal,candidate_needs_admin_review,nta_taxanswer_inheritance_gift_v1,bge-m3_chroma_v1
CACHE002,QA002,法定相続人の範囲と順位をざっくり教えてください,配偶者は常に相続人となり血族相続人は子や直系尊属や兄弟姉妹の順に扱う。代襲相続や養子の扱いも確認が必要。,No.4132,1,82f9aec89231e574,No.4132 相続人の範囲と法定相続分,data/markdown/nta_taxanswer_asset_tax/01_inheritance_tax/4132_相続人の範囲と法定相続分.md,single,none,formal,相続税,normal,candidate_needs_admin_review,nta_taxanswer_inheritance_gift_v1,bge-m3_chroma_v1
CACHE003,QA003,相続税がかかる財産には何がありますか,現金預貯金土地建物有価証券など本来の相続財産に加え死亡保険金や死亡退職金などのみなし相続財産も対象になり得る。,No.4105,1,7a7a60740564b9ec,No.4105 相続税がかかる財産,data/markdown/nta_taxanswer_asset_tax/01_inheritance_tax/4105_相続税がかかる財産.md,single,none,formal,相続税,normal,candidate_needs_admin_review,nta_taxanswer_inheritance_gift_v1,bge-m3_chroma_v1
CACHE004,QA004,相続税がかからない財産はどんなものですか,墓地仏壇祭具など性質上非課税のものや一定の公益目的財産などがある。死亡保険金等は非課税限度額の確認が必要。,No.4108,1,9f289ec7aa10f3ca,No.4108 相続税がかからない財産,data/markdown/nta_taxanswer_asset_tax/01_inheritance_tax/4108_相続税がかからない財産.md,single,none,formal,相続税,normal,candidate_needs_admin_review,nta_taxanswer_inheritance_gift_v1,bge-m3_chroma_v1
CACHE005,QA005,死亡保険金は相続税の対象になりますか,被相続人が保険料を負担していた死亡保険金はみなし相続財産として相続税の対象になり得る。相続人取得分は500万円×法定相続人の数の非課税枠を確認する。,No.4114,1,6dbdcac94932af79,No.4114 相続税の課税対象になる死亡保険金,data/markdown/nta_taxanswer_asset_tax/01_inheritance_tax/4114_相続税の課税対象になる死亡保険金.md,single,similar_terms,formal,相続税,normal,candidate_needs_admin_review,nta_taxanswer_inheritance_gift_v1,bge-m3_chroma_v1
CACHE006,QA006,死亡退職金にも相続税はかかりますか,被相続人の死亡により支給される退職手当金等はみなし相続財産として相続税の対象になり得る。相続人取得分は500万円×法定相続人の数の非課税枠を確認する。,No.4117,1,42f4e51e672f2970,No.4117 相続税の課税対象になる死亡退職金,data/markdown/nta_taxanswer_asset_tax/01_inheritance_tax/4117_相続税の課税対象になる死亡退職金.md,single,similar_terms,formal,相続税,normal,candidate_needs_admin_review,nta_taxanswer_inheritance_gift_v1,bge-m3_chroma_v1
CACHE007,QA007,弔慰金は全部相続税の対象ですか,弔慰金等は一定額までは弔慰金として扱われるが実質的に退職手当金等と認められる部分は死亡退職金として相続税の対象になり得る。,No.4120,1,f34b8183ce97dbdd,No.4120 弔慰金を受け取ったときの取扱い,data/markdown/nta_taxanswer_asset_tax/01_inheritance_tax/4120_弔慰金を受け取ったときの取扱い.md,single,similar_terms,formal,相続税,hard,candidate_needs_admin_review,nta_taxanswer_inheritance_gift_v1,bge-m3_chroma_v1
CACHE008,QA008,年金を受け取る権利を相続した場合は相続税の対象ですか,年金受給権は契約や制度の内容により相続税等の課税対象になり得るため定期金に関する権利として評価や課税関係を確認する。,No.4123,1,0e9dfa6e3b1eea35,No.4123 相続税等の課税対象になる年金受給権,data/markdown/nta_taxanswer_asset_tax/01_inheritance_tax/4123_相続税等の課税対象になる年金受給権.md,single,none,formal,相続税,normal,candidate_needs_admin_review,nta_taxanswer_inheritance_gift_v1,bge-m3_chroma_v1
CACHE009,QA009,小規模宅地等の特例って何を減額する制度ですか,被相続人等の事業用や居住用など一定の宅地等について要件を満たす場合に相続税評価額を一定割合減額する制度。,No.4124,1,c7549513f74fb13e,No.4124 相続した事業の用や居住の用の宅地等の価額の特例（小規模宅地等の特例）,data/markdown/nta_taxanswer_asset_tax/01_inheritance_tax/4124_相続した事業の用や居住の用の宅地等の価額の特例（小規模宅地等の特例）.md,single,none,formal,小規模宅地,normal,candidate_needs_admin_review,nta_taxanswer_inheritance_gift_v1,bge-m3_chroma_v1
CACHE010,QA010,相続財産から控除できる債務は何ですか,被相続人の債務で相続開始時に現に存在し確実と認められるものなどが債務控除の対象。保証債務などは確実性を確認する。,No.4126,1,eafedea85395a2ab,No.4126 相続財産から控除できる債務,data/markdown/nta_taxanswer_asset_tax/01_inheritance_tax/4126_相続財産から控除できる債務.md,single,none,formal,債務控除,normal,candidate_needs_admin_review,nta_taxanswer_inheritance_gift_v1,bge-m3_chroma_v1
CACHE011,QA011,葬式費用はどこまで相続財産から引けますか,葬式や埋葬火葬に通常必要な費用は控除対象になり得る。一方で香典返戻費用や墓石仏壇購入費用などは通常控除対象外。,No.4129,1,5e79b6f1544f0447,No.4129 相続財産から控除できる葬式費用,data/markdown/nta_taxanswer_asset_tax/01_inheritance_tax/4129_相続財産から控除できる葬式費用.md,single,similar_terms,formal,債務控除,normal,candidate_needs_admin_review,nta_taxanswer_inheritance_gift_v1,bge-m3_chroma_v1
CACHE012,QA012,相続税の2割加算は誰にかかりますか,配偶者や一親等の血族など一定の者以外が相続や遺贈で財産を取得した場合に相続税額が2割加算される。孫養子などは個別確認が必要。,No.4157,1,a9bd3089d37d68a3,No.4157 相続税額の2割加算,data/markdown/nta_taxanswer_asset_tax/01_inheritance_tax/4157_相続税額の2割加算.md,single,similar_terms,formal,相続税,normal,candidate_needs_admin_review,nta_taxanswer_inheritance_gift_v1,bge-m3_chroma_v1
CACHE013,QA013,配偶者の税額軽減はどの範囲まで使えますか,配偶者が取得した正味の遺産額が1億6000万円または配偶者の法定相続分相当額のいずれか多い金額までなら原則として配偶者に相続税はかからない。,No.4158,1,5fc59de6d0ad050a,No.4158 配偶者の税額の軽減,data/markdown/nta_taxanswer_asset_tax/01_inheritance_tax/4158_配偶者の税額の軽減.md,single,similar_terms,formal,相続税,normal,candidate_needs_admin_review,nta_taxanswer_inheritance_gift_v1,bge-m3_chroma_v1
CACHE014,QA014,未成年者控除はどんな控除ですか,相続人が一定の未成年者である場合に年齢に応じた金額を相続税額から控除する制度。不足額は扶養義務者の相続税額から控除できる場合がある。,No.4164,1,e5516a30c1a3a1b6,No.4164 未成年者の税額控除,data/markdown/nta_taxanswer_asset_tax/01_inheritance_tax/4164_未成年者の税額控除.md,single,similar_terms,formal,相続税,normal,candidate_needs_admin_review,nta_taxanswer_inheritance_gift_v1,bge-m3_chroma_v1
CACHE015,QA015,障害者控除は未成年者控除と何が違いますか,障害者控除は相続人が一定の障害者である場合に年齢等に応じて相続税額から控除する制度。未成年者控除とは対象者と計算が異なる。,No.4167,1,1f7b8b13def62be9,No.4167 障害者の税額控除,data/markdown/nta_taxanswer_asset_tax/01_inheritance_tax/4167_障害者の税額控除.md,single,similar_terms,formal,相続税,normal,candidate_needs_admin_review,nta_taxanswer_inheritance_gift_v1,bge-m3_chroma_v1
CACHE016,QA016,相次相続控除はどういうときに使いますか,短期間に続けて相続が発生した場合に前回相続で課された相続税の一部を今回の相続税額から控除する制度。,No.4168,1,27390297ab7589f5,No.4168 相次相続控除,data/markdown/nta_taxanswer_asset_tax/01_inheritance_tax/4168_相次相続控除.md,single,similar_terms,formal,相続税,normal,candidate_needs_admin_review,nta_taxanswer_inheritance_gift_v1,bge-m3_chroma_v1
CACHE017,QA017,養子がいると法定相続人の数はどう扱いますか,相続税の計算では法定相続人に含める養子の数に制限がある。実子がいる場合は1人まで実子がいない場合は2人までが原則。,No.4170,1,7ffa07ba63944bc4,No.4170 相続人の中に養子がいるとき,data/markdown/nta_taxanswer_asset_tax/01_inheritance_tax/4170_相続人の中に養子がいるとき.md,single,similar_terms,formal,相続税,normal,candidate_needs_admin_review,nta_taxanswer_inheritance_gift_v1,bge-m3_chroma_v1
CACHE018,QA018,代償分割があった場合の相続税はどう計算しますか,代償財産を支払う人と受け取る人で課税価格の調整が必要。代償財産の額を考慮して各相続人の取得財産を計算する。,No.4173,1,640c79458064f544,No.4173 代償分割が行われた場合の相続税の課税価格の計算,data/markdown/nta_taxanswer_asset_tax/01_inheritance_tax/4173_代償分割が行われた場合の相続税の課税価格の計算.md,single,none,formal,相続税,hard,candidate_needs_admin_review,nta_taxanswer_inheritance_gift_v1,bge-m3_chroma_v1
CACHE019,QA019,遺言書と違う遺産分割をしたら贈与税になりますか,相続人等の合意により遺言と異なる遺産分割がされた場合は直ちに贈与税とは限らないが事情により課税関係が変わるため根拠確認が必要。,No.4176,1,78a8f9310caefea1,No.4176 遺言書の内容と異なる遺産分割をした場合の相続税と贈与税,data/markdown/nta_taxanswer_asset_tax/01_inheritance_tax/4176_遺言書の内容と異なる遺産分割をした場合の相続税と贈与税.md,single,tax_type_mix,formal,相続税,hard,candidate_needs_admin_review,nta_taxanswer_inheritance_gift_v1,bge-m3_chroma_v1
CACHE020,QA020,相続税の申告と納付はいつまでですか,相続税の申告と納付は原則として相続の開始があったことを知った日の翌日から10か月以内。,No.4205,1,8919cd225f8060ab,No.4205 相続税の申告と納税,data/markdown/nta_taxanswer_asset_tax/01_inheritance_tax/4205_相続税の申告と納税.md,single,deadline,formal,相続税,normal,candidate_needs_admin_review,nta_taxanswer_inheritance_gift_v1,bge-m3_chroma_v1
CACHE021,QA021,遺産分割が終わっていない場合も相続税申告は必要ですか,未分割でも申告期限までに法定相続分等でいったん申告する必要がある。分割後に更正の請求や修正申告が必要になる場合がある。,No.4208,1,f878b40769641342,No.4208 相続財産が分割されていないときの申告,data/markdown/nta_taxanswer_asset_tax/01_inheritance_tax/4208_相続財産が分割されていないときの申告.md,single,deadline,formal,相続税,normal,candidate_needs_admin_review,nta_taxanswer_inheritance_gift_v1,bge-m3_chroma_v1
CACHE022,QA022,相続税の延納はどんな制度ですか,金銭で一時に納付することが困難で一定要件を満たす場合に担保提供等により年賦で納付できる制度。,No.4211,1,1432452dbd1713c8,No.4211 相続税の延納,data/markdown/nta_taxanswer_asset_tax/01_inheritance_tax/4211_相続税の延納.md,single,similar_terms,formal,相続税,normal,candidate_needs_admin_review,nta_taxanswer_inheritance_gift_v1,bge-m3_chroma_v1
CACHE023,QA023,物納は延納と何が違いますか,物納は金銭納付や延納によっても納付困難な場合に一定の相続財産で納付する制度。延納は金銭を年賦で納める制度。,No.4214,1,36b56691de2313ea,No.4214 相続税の物納,data/markdown/nta_taxanswer_asset_tax/01_inheritance_tax/4214_相続税の物納.md,single,similar_terms,formal,相続税,normal,candidate_needs_admin_review,nta_taxanswer_inheritance_gift_v1,bge-m3_chroma_v1
CACHE024,QA024,相続時精算課税を選ぶと贈与税はどうなりますか,特定贈与者からの贈与について相続時精算課税を選択すると特別控除等を踏まえ贈与税を計算し相続時にその贈与財産を相続税で精算する。,No.4103,1,b8266bb7c156926f,No.4103 相続時精算課税の選択,data/markdown/nta_taxanswer_asset_tax/01_inheritance_tax/4103_相続時精算課税の選択.md,single,similar_terms,formal,贈与税,normal,candidate_needs_admin_review,nta_taxanswer_inheritance_gift_v1,bge-m3_chroma_v1
CACHE025,QA025,贈与税がかかるのはどんな場合ですか,個人から財産をもらった場合に贈与税の対象になり得る。暦年課税ではその年に受けた贈与の合計から基礎控除を差し引いて計算する。,No.4402,1,797dfee5c8862547,No.4402 贈与税がかかる場合,data/markdown/nta_taxanswer_asset_tax/02_gift_tax/4402_贈与税がかかる場合.md,single,none,formal,贈与税,normal,candidate_needs_admin_review,nta_taxanswer_inheritance_gift_v1,bge-m3_chroma_v1
CACHE026,QA026,贈与税がかからない場合にはどんなものがありますか,扶養義務者から生活費や教育費として通常必要な都度の贈与など一定のものは贈与税がかからない場合がある。,No.4405,1,cad1ba15dda95ed3,No.4405 贈与税がかからない場合,data/markdown/nta_taxanswer_asset_tax/02_gift_tax/4405_贈与税がかからない場合.md,single,none,formal,贈与税,normal,candidate_needs_admin_review,nta_taxanswer_inheritance_gift_v1,bge-m3_chroma_v1
CACHE027,QA027,暦年課税の贈与税はどう計算しますか,1月1日から12月31日までに受けた贈与財産の合計額から基礎控除110万円を差し引き税率を適用して計算する。,No.4408,1,fbee49f766ce5936,No.4408 贈与税の計算と税率（暦年課税）,data/markdown/nta_taxanswer_asset_tax/02_gift_tax/4408_贈与税の計算と税率（暦年課税）.md,single,similar_terms,formal,贈与税,normal,candidate_needs_admin_review,nta_taxanswer_inheritance_gift_v1,bge-m3_chroma_v1
CACHE028,QA028,同じ年に複数人から贈与を受けたら別々に110万円控除できますか,受贈者ごとにその年に複数の人から受けた贈与を合計して基礎控除110万円を適用する。贈与者ごとに別枠ではない。,No.4410,1,ac3260d1532ce645,No.4410 複数の人から贈与を受けたとき,data/markdown/nta_taxanswer_asset_tax/02_gift_tax/4410_複数の人から贈与を受けたとき（暦年課税）.md,single,similar_terms,colloquial,贈与税,normal,candidate_needs_admin_review,nta_taxanswer_inheritance_gift_v1,bge-m3_chroma_v1
CACHE029,QA029,親からお金を借りたことにすれば贈与税は避けられますか,実質的な金銭消費貸借として返済期限や利息や返済実績が必要。返済意思や実績がない場合は贈与と認定される可能性がある。,No.4420,1,5cc17207700fc357,No.4420 親から金銭を借りた場合,data/markdown/nta_taxanswer_asset_tax/02_gift_tax/4420_親から金銭を借りた場合.md,single,confusable,colloquial,贈与税,normal,candidate_needs_admin_review,nta_taxanswer_inheritance_gift_v1,bge-m3_chroma_v1
CACHE030,QA030,安く財産を譲ってもらった場合は贈与税になりますか,著しく低い価額で財産を譲り受けた場合は時価との差額相当の利益が贈与税の対象になり得る。,No.4423,1,26573df808d962ba,No.4423 個人から著しく低い価額で財産を譲り受けたとき,data/markdown/nta_taxanswer_asset_tax/02_gift_tax/4423_個人から著しく低い価額で財産を譲り受けたとき.md,single,confusable,formal,贈与税,normal,candidate_needs_admin_review,nta_taxanswer_inheritance_gift_v1,bge-m3_chroma_v1
CACHE031,QA031,借金を免除してもらったら贈与税はかかりますか,債務免除等により利益を受けた場合は原則としてその利益が贈与税の対象になり得る。資力喪失など個別事情は確認が必要。,No.4424,1,751aef369b3833b9,No.4424 債務免除等を受けた場合,data/markdown/nta_taxanswer_asset_tax/02_gift_tax/4424_債務免除等を受けた場合.md,single,confusable,formal,贈与税,normal,candidate_needs_admin_review,nta_taxanswer_inheritance_gift_v1,bge-m3_chroma_v1
CACHE032,QA032,ローン付き不動産を贈与されたらどう課税されますか,負担付贈与では贈与財産の価額と引き受けた債務などを踏まえて贈与税や譲渡所得の課税関係を確認する。,No.4426,1,cbd10976ee9164dd,No.4426 負担付贈与に対する課税,data/markdown/nta_taxanswer_asset_tax/02_gift_tax/4426_負担付贈与に対する課税.md,single,confusable,formal,贈与税,hard,candidate_needs_admin_review,nta_taxanswer_inheritance_gift_v1,bge-m3_chroma_v1
CACHE033,QA033,夫婦間で居住用不動産を贈与した場合の配偶者控除を教えてください,婚姻期間20年以上の配偶者から居住用不動産または取得資金の贈与を受けた場合に一定要件で最高2000万円まで控除できる。,No.4452,1,d1607100d68b34d4,No.4452 夫婦の間で居住用の不動産を贈与したときの配偶者控除,data/markdown/nta_taxanswer_asset_tax/02_gift_tax/4452_夫婦の間で居住用の不動産を贈与したときの配偶者控除.md,single,similar_terms,formal,贈与税,normal,candidate_needs_admin_review,nta_taxanswer_inheritance_gift_v1,bge-m3_chroma_v1
CACHE034,QA034,贈与税の配偶者控除でいう居住用不動産の範囲はどこまでですか,居住用家屋やその敷地などが対象になり得るが居住の用に供する要件や取得時期を確認する必要がある。,No.4455,1,f8503750e6455149,No.4455 配偶者控除の対象となる居住用不動産の範囲,data/markdown/nta_taxanswer_asset_tax/02_gift_tax/4455_配偶者控除の対象となる居住用不動産の範囲.md,single,similar_terms,formal,贈与税,normal,candidate_needs_admin_review,nta_taxanswer_inheritance_gift_v1,bge-m3_chroma_v1
CACHE035,QA035,教育資金の一括贈与の非課税はどういう制度ですか,直系尊属から教育資金の一括贈与を受けた場合に一定の限度額と手続の範囲で贈与税が非課税となる制度。,No.4510,1,600c4dde62eea606,No.4510 直系尊属から教育資金の一括贈与を受けた場合の非課税,data/markdown/nta_taxanswer_asset_tax/02_gift_tax/4510_直系尊属から教育資金の一括贈与を受けた場合の非課税.md,single,none,formal,贈与税,normal,candidate_needs_admin_review,nta_taxanswer_inheritance_gift_v1,bge-m3_chroma_v1
CACHE036,QA036,結婚子育て資金の一括贈与は教育資金と同じですか,別制度であり対象資金や限度額や終了時の課税関係が異なる。直系尊属からの結婚子育て資金贈与について要件確認が必要。,No.4511,1,ea3eb701ecca9a94,No.4511 直系尊属から結婚・子育て資金の一括贈与を受けた場合の非課税,data/markdown/nta_taxanswer_asset_tax/02_gift_tax/4511_直系尊属から結婚・子育て資金の一括贈与を受けた場合の非課税.md,single,similar_terms,formal,贈与税,normal,candidate_needs_admin_review,nta_taxanswer_inheritance_gift_v1,bge-m3_chroma_v1
CACHE037,QA037,親の土地に子どもが家を建てたら贈与税になりますか,親の土地を無償で使用して子が家を建てる場合は通常使用貸借として借地権相当額の贈与課税は生じない扱いがあるが事情確認が必要。,No.4552,1,8a2d72a31293224c,No.4552 親の土地に子供が家を建てたとき,data/markdown/nta_taxanswer_asset_tax/02_gift_tax/4552_親の土地に子供が家を建てたとき.md,single,confusable,colloquial,贈与税,normal,candidate_needs_admin_review,nta_taxanswer_inheritance_gift_v1,bge-m3_chroma_v1
CACHE038,QA038,使用貸借の土地を贈与で取得したら何を確認しますか,使用貸借に係る土地を贈与で取得した場合は土地評価や使用貸借関係の扱いを確認する。通常の借地権とは区別する。,No.4553,1,075a0b2baed4e100,No.4553 使用貸借に係る土地を贈与により取得したとき,data/markdown/nta_taxanswer_asset_tax/02_gift_tax/4553_使用貸借に係る土地を贈与により取得したとき.md,single,confusable,formal,贈与税,hard,candidate_needs_admin_review,nta_taxanswer_inheritance_gift_v1,bge-m3_chroma_v1
CACHE039,QA039,親名義の家を子どもが増築したら贈与税はありますか,親名義の建物に子が増築費用を負担した場合は建物価値の帰属により親への贈与などが問題になり得る。持分変更等の確認が必要。,No.4557,1,899f75db5a80020a,No.4557 親名義の建物に子供が増築したとき,data/markdown/nta_taxanswer_asset_tax/02_gift_tax/4557_親名義の建物に子供が増築したとき.md,single,confusable,colloquial,贈与税,normal,candidate_needs_admin_review,nta_taxanswer_inheritance_gift_v1,bge-m3_chroma_v1
CACHE040,QA040,相続した土地を売ったとき取得費加算の特例は使えますか,相続税を納めた人が相続財産を一定期間内に譲渡した場合に相続税額の一部を取得費に加算できる特例がある。,No.3267,1,19e3b63ef2da10b6,No.3267 相続財産を譲渡した場合の取得費の特例,data/markdown/nta_taxanswer_asset_tax/05_related_income_tax/3267_相続財産を譲渡した場合の取得費の特例.md,single,similar_terms,formal,譲渡所得,normal,candidate_needs_admin_review,nta_taxanswer_inheritance_gift_v1,bge-m3_chroma_v1
CACHE041,QA041,土地や家屋の相続税評価は何を見ますか,土地は路線価方式または倍率方式などで評価し家屋は固定資産税評価額を基礎に評価する。財産の種類ごとの評価方法を確認する。,No.4602,1,0b226fc4e860d41c,No.4602 土地家屋の評価,data/markdown/nta_taxanswer_asset_tax/01_inheritance_tax/4602_土地家屋の評価.md,single,valuation,formal,財産評価,normal,candidate_needs_admin_review,nta_taxanswer_inheritance_gift_v1,bge-m3_chroma_v1
CACHE042,QA042,路線価方式と倍率方式はどう使い分けますか,路線価が定められている地域は路線価方式で評価し路線価のない地域は固定資産税評価額に倍率を乗じる倍率方式を用いる。,財産評価基本通達,1,d8152f516329b3ba,（倍率方式）,data/markdown/nta_zaisan_hyoka_kihon_tsutatsu/02__04_（倍率方式）.md,single,valuation,formal,財産評価,normal,candidate_needs_admin_review,nta_taxanswer_inheritance_gift_v1,bge-m3_chroma_v1
CACHE043,QA043,不整形地は普通の宅地と同じ評価でいいですか,不整形地は奥行価格補正などに加えて不整形地補正率等を用いて形状による減価を反映する評価が必要。,財産評価基本通達,1,7330486ea9c76ea9,（不整形地の評価）,data/markdown/nta_zaisan_hyoka_kihon_tsutatsu/02__03_（不整形地の評価）.md,single,valuation,formal,財産評価,normal,candidate_needs_admin_review,nta_taxanswer_inheritance_gift_v1,bge-m3_chroma_v1
CACHE044,QA044,貸宅地の評価は自用地とどう違いますか,貸宅地は自用地価額から借地権価額を控除する考え方など権利関係を反映して評価する。借地権割合の確認が必要。,財産評価基本通達,1,3fe1b7dccbbe5838,（倍率方式により評価する宅地の自用地としての価額）,data/markdown/nta_zaisan_hyoka_kihon_tsutatsu/02__05_（倍率方式により評価する宅地の自用地としての価額）.md,single,valuation,formal,財産評価,hard,candidate_needs_admin_review,nta_taxanswer_inheritance_gift_v1,bge-m3_chroma_v1
CACHE045,QA045,借地権の評価は何がポイントですか,借地権は自用地価額に借地権割合を乗じるなど地域や契約の権利関係に応じて評価する。使用貸借とは区別する。,財産評価基本通達,1,89d039af9676fc7a,第2節 宅地及び宅地の上に存する権利,data/markdown/nta_zaisan_hyoka_kihon_tsutatsu/02__06_第2節_宅地及び宅地の上に存する権利.md,single,confusable,formal,財産評価,hard,candidate_needs_admin_review,nta_taxanswer_inheritance_gift_v1,bge-m3_chroma_v1
CACHE046,QA046,家屋の相続税評価はどうしますか,家屋は原則として固定資産税評価額を基に評価する。貸家の場合は借家権割合等を反映する場合がある。,財産評価基本通達,1,527dd6a51ddb036e,第3章 家屋及び家屋の上に存する権利,data/markdown/nta_zaisan_hyoka_kihon_tsutatsu/03__01_第3章_家屋及び家屋の上に存する権利.md,single,valuation,formal,財産評価,normal,candidate_needs_admin_review,nta_taxanswer_inheritance_gift_v1,bge-m3_chroma_v1
CACHE047,QA047,非上場株式の評価はざっくり何を見るんですか,取引相場のない株式は会社規模や株主区分などにより類似業種比準方式や純資産価額方式等を用いる。評価会社の区分確認が重要。,財産評価基本通達,1,6705dfd4e53a5ca6,（気配相場等のある株式の評価）,data/markdown/nta_zaisan_hyoka_kihon_tsutatsu/08__02_（気配相場等のある株式の評価）.md,single,valuation,colloquial,財産評価,hard,candidate_needs_admin_review,nta_taxanswer_inheritance_gift_v1,bge-m3_chroma_v1
CACHE048,QA048,農地の評価は宅地と同じですか,農地は純農地中間農地市街地農地など区分に応じて評価方法が異なる。宅地評価と混同しない。,財産評価基本通達,1,0ab65ed36e509299,第3節 農地及び農地の上に存する権利,data/markdown/nta_zaisan_hyoka_kihon_tsutatsu/02__08_第3節_農地及び農地の上に存する権利.md,single,valuation,formal,財産評価,normal,candidate_needs_admin_review,nta_taxanswer_inheritance_gift_v1,bge-m3_chroma_v1
CACHE049,QA049,山林の評価はどの資料を見ればいいですか,山林は財産評価基本通達の山林区分や評価方法を確認する。相続税の納税猶予制度とは別に評価論点として扱う。,財産評価基本通達,1,f2ac5c0e45d02006,第4節 山林及び山林の上に存する権利,data/markdown/nta_zaisan_hyoka_kihon_tsutatsu/02__10_第4節_山林及び山林の上に存する権利.md,single,confusable,formal,財産評価,normal,candidate_needs_admin_review,nta_taxanswer_inheritance_gift_v1,bge-m3_chroma_v1
CACHE050,QA050,定期金に関する権利は相続税法基本通達では何を確認しますか,保証期間付定期金や契約に基づかない定期金など権利の種類ごとに相続税または贈与税の課税関係を確認する。,相続税法基本通達,1,4f8ded54635f7f5e,〔生命保険契約に関する権利関係〕,data/markdown/nta_sozoku_kihon_tsutatsu/01__04_〔生命保険契約に関する権利関係〕.md,single,none,formal,相続税,hard,candidate_needs_admin_review,nta_taxanswer_inheritance_gift_v1,bge-m3_chroma_v1
CACHE051,QA051,小規模宅地等の特例の概要と入院で空家だった場合の考え方を分けて説明して,制度概要はTaxAnswerで確認し入院により一時空家となった事例は質疑応答事例10/06で確認する。生活拠点や居住用宅地等の判定が重要。,No.4124|質疑応答 10/06,2,727b0f10c6c2cc14|dce86638023ec58e,No.4124 相続した事業の用や居住の用の宅地等の価額の特例（小規模宅地等の特例）|入院により空家となっていた建物の敷地についての小規模宅地等の特例,data/markdown/nta_taxanswer_asset_tax/01_inheritance_tax/4124_相続した事業の用や居住の用の宅地等の価額の特例（小規模宅地等の特例）.md|data/markdown/nta_sozoku_shitsugi/10__06_入院により空家となっていた建物の敷地についての小規模宅地等の特例.md,multi,none,formal,小規模宅地,hard,candidate_needs_admin_review,nta_taxanswer_inheritance_gift_v1,bge-m3_chroma_v1
CACHE052,QA052,老人ホームに入っていた親の自宅敷地でも小規模宅地等の特例を検討できますか,小規模宅地等の一般要件に加え老人ホーム入所により空家となった建物の敷地に関する質疑応答事例を確認する。要介護認定や居住実態など個別要件が重要。,No.4124|質疑応答 10/15|質疑応答 10/16,3,629b52de78d8f034|0591e269c92df859|3495034a1e846699,No.4124 相続した事業の用や居住の用の宅地等の価額の特例（小規模宅地等の特例）|老人ホームへの入所により空家となっていた建物の敷地についての小規模宅地等の特例（平成26年1月1日以後に相続又は遺贈により取得する場合の取扱い）|老人ホームに入所していた被相続人が要介護認定の申請中に死亡した場合の小規模宅地等の特例,data/markdown/nta_taxanswer_asset_tax/01_inheritance_tax/4124_相続した事業の用や居住の用の宅地等の価額の特例（小規模宅地等の特例）.md|data/markdown/nta_sozoku_shitsugi/10__15_老人ホームへの入所により空家となっていた建物の敷地についての小規模宅地等の特例（平成26年1月1日以後に相続又は遺贈により取得する場合の取扱い）.md|data/markdown/nta_sozoku_shitsugi/10__16_老人ホームに入所していた被相続人が要介護認定の申請中に死亡した場合の小規模宅地等の特例.md,multi,none,colloquial,小規模宅地,hard,candidate_needs_admin_review,nta_taxanswer_inheritance_gift_v1,bge-m3_chroma_v1
CACHE053,QA053,貸家と自宅が混在する敷地で小規模宅地等の特例を使う場合は何を見ますか,制度概要はNo.4124で確認し共有家屋や貸家敷地に関する質疑応答事例で居住用部分と貸付事業用部分の区分や選択を確認する。,No.4124|質疑応答 10/03|質疑応答 10/12,3,5f5417e728f5eacf|0b7ff41cd4cdd38d|b3c6fb7292ebf7c3,No.4124 相続した事業の用や居住の用の宅地等の価額の特例（小規模宅地等の特例）|共有家屋(貸家)の敷地の用に供されていた宅地等についての小規模宅地等の特例の選択|被相続人の共有する土地が被相続人等の居住の用と貸家の敷地の用に供されていた場合の小規模宅地等の特例,data/markdown/nta_taxanswer_asset_tax/01_inheritance_tax/4124_相続した事業の用や居住の用の宅地等の価額の特例（小規模宅地等の特例）.md|data/markdown/nta_sozoku_shitsugi/10__03_共有家屋(貸家)の敷地の用に供されていた宅地等についての小規模宅地等の特例の選択.md|data/markdown/nta_sozoku_shitsugi/10__12_被相続人の共有する土地が被相続人等の居住の用と貸家の敷地の用に供されていた場合の小規模宅地等の特例.md,multi,similar_terms,formal,小規模宅地,hard,candidate_needs_admin_review,nta_taxanswer_inheritance_gift_v1,bge-m3_chroma_v1
CACHE054,QA054,相続時精算課税を選択したら相続税申告までどう影響しますか,選択制度の概要はNo.4103で確認し相続税の申告義務はNo.4301で確認する。贈与時に申告し相続時に贈与財産を加算して精算する点が重要。,No.4103|No.4301,2,b8266bb7c156926f|38811747d2978c4d,No.4103 相続時精算課税の選択|No.4301 相続時精算課税の選択と相続税の申告義務,data/markdown/nta_taxanswer_asset_tax/01_inheritance_tax/4103_相続時精算課税の選択.md|data/markdown/nta_taxanswer_asset_tax/01_inheritance_tax/4301_相続時精算課税の選択と相続税の申告義務.md,multi,similar_terms,formal,相続時精算課税,normal,candidate_needs_admin_review,nta_taxanswer_inheritance_gift_v1,bge-m3_chroma_v1
CACHE055,QA055,令和6年以後の贈与で相続時精算課税の届出を出した後に期限後申告したらどうなりますか,TaxAnswerの相続時精算課税の基本と質疑応答16a/15を合わせて確認する。単独届出後の期限後申告で適用可否が論点になる。,No.4103|質疑応答 16a/15,2,52d772fde6673de4|bdf4a26d24815465,No.4103 相続時精算課税の選択|相続時精算課税選択届出書を単独で提出した後に贈与税の期限後申告書を提出する場合の相続時精算課税の適用の可否（令和６年１月１日以後の贈与の場合）,data/markdown/nta_taxanswer_asset_tax/01_inheritance_tax/4103_相続時精算課税の選択.md|data/markdown/nta_sozoku_shitsugi/16a__15_相続時精算課税選択届出書を単独で提出した後に贈与税の期限後申告書を提出する場合の相続時精算課税の適用の可否（令和６年１月１日以後の贈与の場合）.md,multi,deadline,formal,相続時精算課税,hard,candidate_needs_admin_review,nta_taxanswer_inheritance_gift_v1,bge-m3_chroma_v1
CACHE056,QA056,相続時精算課税で土地建物をもらった場合の価額特例はどの資料を見ますか,相続時精算課税の一般論はTaxAnswerで確認し土地または建物の価額の特例はPDF0024005-164の質疑応答で確認する。,No.4103|0024005-164,2,52d772fde6673de4|bf5dd2cf877550d7,No.4103 相続時精算課税の選択|相続時精算課税に係る土地又は建物の価額の特例に関する質疑応答事例について（情報）,data/markdown/nta_taxanswer_asset_tax/01_inheritance_tax/4103_相続時精算課税の選択.md|data/markdown/nta_sozoku_joho_zeikaishaku_pdf/0024005-164_相続時精算課税に係る土地又は建物の価額の特例に関する質疑応答事例について（情報）.md,multi,valuation,formal,相続時精算課税,hard,candidate_needs_admin_review,nta_taxanswer_inheritance_gift_v1,bge-m3_chroma_v1
CACHE057,QA057,贈与者が贈与した年の途中で亡くなった場合は贈与税と相続税どちらを見ますか,No.4302とNo.4307で相続時精算課税や贈与税相続税の取扱いを確認し令和6年以後の複数特定贈与者の事例は質疑応答16a/17も見る。,No.4302|No.4307|質疑応答 16a/17,3,f18f05d874ed2b78|6c8ea0ee652a43f7|a24503358b755dca,No.4302 贈与者が贈与した年の中途に死亡した場合の相続時精算課税の選択|No.4307 贈与者が贈与をした年に死亡した場合の贈与税及び相続税の取扱い|特定贈与者が贈与をした年の中途に死亡した場合の相続税及び贈与税の課税価格に加算等される贈与財産の価額（令和６年１月１日以後に２人以上の特定贈与者からの贈与があった場合）,data/markdown/nta_taxanswer_asset_tax/01_inheritance_tax/4302_贈与者が贈与した年の中途に死亡した場合の相続時精算課税の選択.md|data/markdown/nta_taxanswer_asset_tax/01_inheritance_tax/4307_贈与者が贈与をした年に死亡した場合の贈与税及び相続税の取扱い.md|data/markdown/nta_sozoku_shitsugi/16a__17_特定贈与者が贈与をした年の中途に死亡した場合の相続税及び贈与税の課税価格に加算等される贈与財産の価額（令和６年１月１日以後に２人以上の特定贈与者からの贈与があっ.md,multi,tax_type_mix,formal,相続時精算課税,hard,candidate_needs_admin_review,nta_taxanswer_inheritance_gift_v1,bge-m3_chroma_v1
CACHE058,QA058,暦年課税の生前贈与加算と相続時精算課税は同じものですか,別制度。暦年課税の贈与財産加算はNo.4161で確認し相続時精算課税はNo.4103や関連質疑応答で確認する。,No.4161|No.4103,2,0d9530f45b44e991|b288b73e174915f0,No.4161 贈与財産の加算と税額控除（暦年課税）|No.4103 相続時精算課税の選択,data/markdown/nta_taxanswer_asset_tax/01_inheritance_tax/4161_贈与財産の加算と税額控除（暦年課税）.md|data/markdown/nta_taxanswer_asset_tax/01_inheritance_tax/4103_相続時精算課税の選択.md,multi,similar_terms,formal,相続税,normal,candidate_needs_admin_review,nta_taxanswer_inheritance_gift_v1,bge-m3_chroma_v1
CACHE059,QA059,死亡保険金についてTaxAnswerと通達の両方で確認したい,TaxAnswerでは課税対象と非課税枠を確認し相続税法基本通達では保険金受取人や保険料負担者に関する取扱いを確認する。,No.4114|相続税法基本通達 3条関係,2,6dbdcac94932af79|676dd24a4705e0d8,No.4114 相続税の課税対象になる死亡保険金|第3条《相続又は遺贈により取得したものとみなす場合》関係,data/markdown/nta_taxanswer_asset_tax/01_inheritance_tax/4114_相続税の課税対象になる死亡保険金.md|data/markdown/nta_sozoku_kihon_tsutatsu/01__02_第3条《相続又は遺贈により取得したものとみなす場合》関係.md,multi,similar_terms,formal,相続税,hard,candidate_needs_admin_review,nta_taxanswer_inheritance_gift_v1,bge-m3_chroma_v1
CACHE060,QA060,死亡退職金を辞退した場合の扱いも含めて調べたい,死亡退職金の一般的な相続税課税はNo.4117で確認し辞退した場合や課税時期は質疑応答03/09や03/10で確認する。,No.4117|質疑応答 03/09|質疑応答 03/10,3,42f4e51e672f2970|c03fd133d2807f17|3f24ad357286bd68,No.4117 相続税の課税対象になる死亡退職金|死亡退職金の課税時期|死亡退職金を辞退した場合,data/markdown/nta_taxanswer_asset_tax/01_inheritance_tax/4117_相続税の課税対象になる死亡退職金.md|data/markdown/nta_sozoku_shitsugi/03__09_死亡退職金の課税時期.md|data/markdown/nta_sozoku_shitsugi/03__10_死亡退職金を辞退した場合.md,multi,similar_terms,formal,相続税,hard,candidate_needs_admin_review,nta_taxanswer_inheritance_gift_v1,bge-m3_chroma_v1
CACHE061,QA061,未支給年金は相続財産として処理すればいいですか,相続税等の年金受給権一般はNo.4123で確認し未支給の国民年金に係る相続税の課税関係は質疑応答02/09で個別確認する。,No.4123|質疑応答 02/09,2,50829aea832be34b|7fdc6c24d3027471,No.4123 相続税等の課税対象になる年金受給権|未支給の国民年金に係る相続税の課税関係,data/markdown/nta_taxanswer_asset_tax/01_inheritance_tax/4123_相続税等の課税対象になる年金受給権.md|data/markdown/nta_sozoku_shitsugi/02__09_未支給の国民年金に係る相続税の課税関係.md,multi,confusable,colloquial,相続税,hard,candidate_needs_admin_review,nta_taxanswer_inheritance_gift_v1,bge-m3_chroma_v1
CACHE062,QA062,準確定申告の還付金と還付加算金は同じ扱いですか,被相続人の準確定申告に係る還付金等は質疑応答02/01を確認し確定申告後に死亡した場合の還付加算金は質疑応答02/04で分けて確認する。,質疑応答 02/01|質疑応答 02/04,2,4fa26e807c9531fb|32f3a62dbc3a476b,被相続人の準確定申告に係る還付金等|確定申告書提出後に死亡した被相続人に係る還付加算金の課税関係,data/markdown/nta_sozoku_shitsugi/02__01_被相続人の準確定申告に係る還付金等.md|data/markdown/nta_sozoku_shitsugi/02__04_確定申告書提出後に死亡した被相続人に係る還付加算金の課税関係.md,multi,similar_terms,formal,相続財産,hard,candidate_needs_admin_review,nta_taxanswer_inheritance_gift_v1,bge-m3_chroma_v1
CACHE063,QA063,相続開始時に売買契約中だった不動産はどう考えますか,相続開始時点で売買契約中であった不動産の課税関係は質疑応答02/12で確認し相続財産の範囲はNo.4105で補う。,質疑応答 02/12|No.4105,2,fc52838c3dca14ef|0283c3e3ac6aa85e,相続開始時点で売買契約中であった不動産に係る相続税の課税|No.4105 相続税がかかる財産,data/markdown/nta_sozoku_shitsugi/02__12_相続開始時点で売買契約中であった不動産に係る相続税の課税.md|data/markdown/nta_taxanswer_asset_tax/01_inheritance_tax/4105_相続税がかかる財産.md,multi,none,formal,相続財産,hard,candidate_needs_admin_review,nta_taxanswer_inheritance_gift_v1,bge-m3_chroma_v1
CACHE064,QA064,相続財産を公益法人に寄附した場合は相続税だけ見ればいいですか,相続税上の寄附の特例はNo.4141で確認し寄附財産の売却代金や譲渡所得の論点は質疑応答12/01などで確認する。,No.4141|質疑応答 12/01,2,1516e4908ca1e849|80aacb3ca0a45bca,No.4141 相続財産を公益法人などに寄附したとき|相続財産の寄附を受けた公益法人が当該財産の売却代金を法人の事業の用に供した場合,data/markdown/nta_taxanswer_asset_tax/01_inheritance_tax/4141_相続財産を公益法人などに寄附したとき.md|data/markdown/nta_sozoku_shitsugi/12__01_相続財産の寄附を受けた公益法人が当該財産の売却代金を法人の事業の用に供した場合.md,multi,tax_type_mix,formal,相続税,hard,candidate_needs_admin_review,nta_taxanswer_inheritance_gift_v1,bge-m3_chroma_v1
CACHE065,QA065,遺産を売って分ける換価分割では譲渡所得も関係しますか,換価分割の相続登記と贈与税は質疑応答13/01を確認し相続財産譲渡の取得費加算はNo.3267で確認する。,質疑応答 13/01|No.3267,2,6cfa3a2b61adff72|8670b2429dd27fd9,遺産の換価分割のための相続登記と贈与税|No.3267 相続財産を譲渡した場合の取得費の特例,data/markdown/nta_sozoku_shitsugi/13__01_遺産の換価分割のための相続登記と贈与税.md|data/markdown/nta_taxanswer_asset_tax/05_related_income_tax/3267_相続財産を譲渡した場合の取得費の特例.md,multi,tax_type_mix,formal,譲渡所得,hard,candidate_needs_admin_review,nta_taxanswer_inheritance_gift_v1,bge-m3_chroma_v1
CACHE066,QA066,農地の納税猶予は相続と贈与で資料を分けるべきですか,相続税の農地納税猶予はNo.4147で確認し贈与税の農地納税猶予はNo.4438で確認する。質疑応答18番台で個別事例を補う。,No.4147|No.4438|質疑応答 18,3,12377746ddd1b57e|f9b5517c24ba7756|86abb8a100707340,No.4147 農業相続人が農地等を相続した場合の納税猶予の特例|No.4438 農業後継者が農地等の贈与を受けた場合の納税猶予の特例|対象年の前年以前又は対象年に農地法第5条の許可を受けた農地等の贈与を行った場合の贈与税の納税猶予の適用,data/markdown/nta_taxanswer_asset_tax/01_inheritance_tax/4147_農業相続人が農地等を相続した場合の納税猶予の特例.md|data/markdown/nta_taxanswer_asset_tax/02_gift_tax/4438_農業後継者が農地等の贈与を受けた場合の納税猶予の特例.md|data/markdown/nta_sozoku_shitsugi/18__35_対象年の前年以前又は対象年に農地法第5条の許可を受けた農地等の贈与を行った場合の贈与税の納税猶予の適用.md,multi,tax_type_mix,formal,納税猶予,hard,candidate_needs_admin_review,nta_taxanswer_inheritance_gift_v1,bge-m3_chroma_v1
CACHE067,QA067,非上場株式の事業承継税制は相続税と贈与税の両方を見ますか,相続税側はNo.4148で贈与税側はNo.4439で確認し詳細な質疑応答はPDF0025005-103を参照する。,No.4148|No.4439|0025005-103,3,4c29a1bb9a012717|12aa14e84e952351|d26ce20b97fe1b51,No.4148 非上場株式等についての相続税の納税猶予及び免除の特例等（法人版事業承継税制）|No.4439 非上場株式等についての贈与税の納税猶予及び免除の特例等（法人版事業承継税制）|非上場株式等についての贈与税・相続税の納税猶予及び免除の特例措置等に関する質疑応答事例について（情報）,data/markdown/nta_taxanswer_asset_tax/01_inheritance_tax/4148_非上場株式等についての相続税の納税猶予及び免除の特例等（法人版事業承継税制）.md|data/markdown/nta_taxanswer_asset_tax/02_gift_tax/4439_非上場株式等についての贈与税の納税猶予及び免除の特例等（法人版事業承継税制）.md|data/markdown/nta_sozoku_joho_zeikaishaku_pdf/0025005-103_非上場株式等についての贈与税・相続税の納税猶予及び免除の特例措置等に関する質疑応答事例について（情報）.md,multi,tax_type_mix,formal,事業承継,hard,candidate_needs_admin_review,nta_taxanswer_inheritance_gift_v1,bge-m3_chroma_v1
CACHE068,QA068,個人事業用資産の納税猶予はどの資料を横断しますか,相続税側はNo.4153で贈与税側はNo.4442で確認し詳細な質疑応答はPDF0025006-064を参照する。,No.4153|No.4442|0025006-064,3,4a329942ff608478|1279354227df99a2|edfe03fbea0c8f4d,No.4153 個人の事業用資産についての相続税の納税猶予及び免除（個人版事業承継税制）|No.4442 個人の事業用資産についての贈与税の納税猶予及び免除（個人版事業承継税制）|個人の事業用資産についての贈与税・相続税の納税猶予及び免除に関する質疑応答事例について（情報）,data/markdown/nta_taxanswer_asset_tax/01_inheritance_tax/4153_個人の事業用資産についての相続税の納税猶予及び免除.md|data/markdown/nta_taxanswer_asset_tax/02_gift_tax/4442_個人の事業用資産についての贈与税の納税猶予及び免除（個人版事業承継税制）.md|data/markdown/nta_sozoku_joho_zeikaishaku_pdf/0025006-064_個人の事業用資産についての贈与税・相続税の納税猶予及び免除に関する質疑応答事例について（情報）.md,multi,tax_type_mix,formal,事業承継,hard,candidate_needs_admin_review,nta_taxanswer_inheritance_gift_v1,bge-m3_chroma_v1
CACHE069,QA069,医療法人の持分について相続税と贈与税の両方を確認したい,相続税の納税猶予や税額控除はNo.4150やNo.4177で確認し贈与税側の経済的利益や税額控除はNo.4440やNo.4441で確認する。,No.4150|No.4177|No.4440|No.4441,4,c58c4666e08223fa|93c439dbcde748b0|428911d1ab407629|a722d55b97a629d7,No.4150 医療法人の持分についての相続税の納税猶予の特例|No.4177 医療法人の持分についての相続税の税額控除の特例|No.4440 医療法人の持分に係る経済的利益についての贈与税の納税猶予の特例|No.4441 医療法人の持分に係る経済的利益についての贈与税の税額控除の特例,data/markdown/nta_taxanswer_asset_tax/01_inheritance_tax/4150_医療法人の持分についての相続税の納税猶予の特例.md|data/markdown/nta_taxanswer_asset_tax/01_inheritance_tax/4177_医療法人の持分についての相続税の税額控除の特例.md|data/markdown/nta_taxanswer_asset_tax/02_gift_tax/4440_医療法人の持分に係る経済的利益についての贈与税の納税猶予の特例.md|data/markdown/nta_taxanswer_asset_tax/02_gift_tax/4441_医療法人の持分に係る経済的利益についての贈与税の税額控除の特例.md,multi,tax_type_mix,formal,医療法人,hard,candidate_needs_admin_review,nta_taxanswer_inheritance_gift_v1,bge-m3_chroma_v1
CACHE070,QA070,住宅取得資金の贈与と相続時精算課税の関係を見たい,住宅取得等資金の非課税はNo.4508で確認し相続時精算課税選択の特例や計算はNo.4503やNo.4504で確認する。,No.4508|No.4503|No.4504,3,a90f7f444fbafb26|a41967fbf50770ac|3290720c93a9b110,No.4508 直系尊属から住宅取得等資金の贈与を受けた場合の非課税|No.4503 住宅取得等資金の贈与を受けた場合の相続時精算課税選択の特例|No.4504 住宅取得等資金の贈与を受けた場合の贈与税の計算(相続時精算課税の選択をした場合),data/markdown/nta_taxanswer_asset_tax/01_inheritance_tax/4508_直系尊属から住宅取得等資金の贈与を受けた場合の非課税.md|data/markdown/nta_taxanswer_asset_tax/01_inheritance_tax/4503_住宅取得等資金の贈与を受けた場合の相続時精算課税選択の特例.md|data/markdown/nta_taxanswer_asset_tax/01_inheritance_tax/4504_住宅取得等資金の贈与を受けた場合の贈与税の計算(相続時精算課税の選択をした場合).md,multi,similar_terms,formal,住宅取得資金,hard,candidate_needs_admin_review,nta_taxanswer_inheritance_gift_v1,bge-m3_chroma_v1
CACHE071,QA071,相続税の配偶者軽減と贈与税の配偶者控除をごっちゃにしないで説明して,相続税の配偶者軽減は相続で配偶者が取得した財産に対する税額軽減。贈与税の配偶者控除は婚姻20年以上などの要件で居住用不動産贈与に使う別制度。,No.4158|No.4452,2,5fc59de6d0ad050a|d1607100d68b34d4,No.4158 配偶者の税額の軽減|No.4452 夫婦の間で居住用の不動産を贈与したときの配偶者控除,data/markdown/nta_taxanswer_asset_tax/01_inheritance_tax/4158_配偶者の税額の軽減.md|data/markdown/nta_taxanswer_asset_tax/02_gift_tax/4452_夫婦の間で居住用の不動産を贈与したときの配偶者控除.md,multi,similar_terms,formal,制度比較,normal,candidate_needs_admin_review,nta_taxanswer_inheritance_gift_v1,bge-m3_chroma_v1
CACHE072,QA072,死亡保険金と贈与税の対象になる生命保険金は同じですか,同じ生命保険でも保険料負担者や受取事由で課税関係が変わる。死亡保険金の相続税はNo.4114で贈与税対象の生命保険金はNo.4417で確認する。,No.4114|No.4417,2,7e4cd4d910f706ee|601ab9ca4421bfd1,No.4114 相続税の課税対象になる死亡保険金|No.4417 贈与税の対象になる生命保険金,data/markdown/nta_taxanswer_asset_tax/01_inheritance_tax/4114_相続税の課税対象になる死亡保険金.md|data/markdown/nta_taxanswer_asset_tax/02_gift_tax/4417_贈与税の対象になる生命保険金.md,multi,similar_terms,formal,制度比較,hard,candidate_needs_admin_review,nta_taxanswer_inheritance_gift_v1,bge-m3_chroma_v1
CACHE073,QA073,死亡退職金と弔慰金はどう区別しますか,死亡退職金はみなし相続財産としてNo.4117を確認し弔慰金はNo.4120で一定額や実質判断を確認する。名目でなく実質が重要。,No.4117|No.4120,2,66441308da18f321|f34b8183ce97dbdd,No.4117 相続税の課税対象になる死亡退職金|No.4120 弔慰金を受け取ったときの取扱い,data/markdown/nta_taxanswer_asset_tax/01_inheritance_tax/4117_相続税の課税対象になる死亡退職金.md|data/markdown/nta_taxanswer_asset_tax/01_inheritance_tax/4120_弔慰金を受け取ったときの取扱い.md,multi,similar_terms,formal,制度比較,normal,candidate_needs_admin_review,nta_taxanswer_inheritance_gift_v1,bge-m3_chroma_v1
CACHE074,QA074,延納と物納を間違えないように説明して,延納は金銭納付を年賦にする制度でNo.4211を確認する。物納は一定の相続財産で納める制度でNo.4214を確認する。,No.4211|No.4214,2,1432452dbd1713c8|36b56691de2313ea,No.4211 相続税の延納|No.4214 相続税の物納,data/markdown/nta_taxanswer_asset_tax/01_inheritance_tax/4211_相続税の延納.md|data/markdown/nta_taxanswer_asset_tax/01_inheritance_tax/4214_相続税の物納.md,multi,similar_terms,colloquial,制度比較,normal,candidate_needs_admin_review,nta_taxanswer_inheritance_gift_v1,bge-m3_chroma_v1
CACHE075,QA075,低額譲受けと負担付贈与はどこが違いますか,低額譲受けは時価より著しく低い価額で財産を取得した利益が論点。負担付贈与は債務を引き受ける贈与で評価や譲渡所得も論点になる。,No.4423|No.4426,2,26573df808d962ba|cbd10976ee9164dd,No.4423 個人から著しく低い価額で財産を譲り受けたとき|No.4426 負担付贈与に対する課税,data/markdown/nta_taxanswer_asset_tax/02_gift_tax/4423_個人から著しく低い価額で財産を譲り受けたとき.md|data/markdown/nta_taxanswer_asset_tax/02_gift_tax/4426_負担付贈与に対する課税.md,multi,similar_terms,formal,制度比較,hard,candidate_needs_admin_review,nta_taxanswer_inheritance_gift_v1,bge-m3_chroma_v1
CACHE076,QA076,親の土地を無償で使うのと借地権の評価を混同しないで,親子間の無償使用は使用貸借としてNo.4552やNo.4553を確認する。借地権評価は財産評価基本通達の借地権評価で別に確認する。,No.4552|No.4553|財産評価基本通達,3,8a2d72a31293224c|075a0b2baed4e100|89d039af9676fc7a,No.4552 親の土地に子供が家を建てたとき|No.4553 使用貸借に係る土地を贈与により取得したとき|第2節 宅地及び宅地の上に存する権利,data/markdown/nta_taxanswer_asset_tax/02_gift_tax/4552_親の土地に子供が家を建てたとき.md|data/markdown/nta_taxanswer_asset_tax/02_gift_tax/4553_使用貸借に係る土地を贈与により取得したとき.md|data/markdown/nta_zaisan_hyoka_kihon_tsutatsu/02__06_第2節_宅地及び宅地の上に存する権利.md,multi,confusable,formal,財産評価,hard,candidate_needs_admin_review,nta_taxanswer_inheritance_gift_v1,bge-m3_chroma_v1
CACHE077,QA077,相続した不動産を売ったとき取得費加算と空き家特例は同じですか,別制度。取得費加算は相続税額の一部を取得費に加算する特例でNo.3267を確認する。空き家譲渡特例は別の譲渡所得特例として条件を分ける。,No.3267|空き家特例関連TaxAnswer,2,8670b2429dd27fd9|d14c3b1bc8b9145e,No.3267 相続財産を譲渡した場合の取得費の特例|No.3306 被相続人の居住用財産（空き家）を売ったときの特例,data/markdown/nta_taxanswer_asset_tax/05_related_income_tax/3267_相続財産を譲渡した場合の取得費の特例.md|data/markdown/nta_taxanswer_asset_tax/05_related_income_tax/3306_被相続人の居住用財産（空き家）を売ったときの特例.md,multi,similar_terms,formal,譲渡所得,hard,candidate_needs_admin_review,nta_taxanswer_inheritance_gift_v1,bge-m3_chroma_v1
CACHE078,QA078,未成年者控除と障害者控除はどちらも相続税の税額控除ですか,どちらも相続税額から控除する制度だが対象者と計算が異なる。未成年者控除はNo.4164で障害者控除はNo.4167で確認する。,No.4164|No.4167,2,e5516a30c1a3a1b6|1f7b8b13def62be9,No.4164 未成年者の税額控除|No.4167 障害者の税額控除,data/markdown/nta_taxanswer_asset_tax/01_inheritance_tax/4164_未成年者の税額控除.md|data/markdown/nta_taxanswer_asset_tax/01_inheritance_tax/4167_障害者の税額控除.md,multi,similar_terms,formal,税額控除,normal,candidate_needs_admin_review,nta_taxanswer_inheritance_gift_v1,bge-m3_chroma_v1
CACHE079,QA079,相次相続控除と生前贈与加算は似ていますか,相次相続控除は短期間に続く相続で前回相続税を考慮する税額控除。贈与財産加算は暦年課税の贈与を相続財産に加算する制度で別物。,No.4168|No.4161,2,27390297ab7589f5|77cfd1a1078ab3c8,No.4168 相次相続控除|No.4161 贈与財産の加算と税額控除（暦年課税）,data/markdown/nta_taxanswer_asset_tax/01_inheritance_tax/4168_相次相続控除.md|data/markdown/nta_taxanswer_asset_tax/01_inheritance_tax/4161_贈与財産の加算と税額控除（暦年課税）.md,multi,similar_terms,formal,税額控除,hard,candidate_needs_admin_review,nta_taxanswer_inheritance_gift_v1,bge-m3_chroma_v1
CACHE080,QA080,農地の納税猶予と山林の納税猶予を分けて確認したい,農地等の相続税納税猶予はNo.4147で確認し山林を相続した場合の納税猶予はNo.4149で確認する。対象財産と要件が異なる。,No.4147|No.4149,2,729fad80e3412a5b|29d6706518576453,No.4147 農業相続人が農地等を相続した場合の納税猶予の特例|No.4149 山林を相続した場合の納税猶予の特例,data/markdown/nta_taxanswer_asset_tax/01_inheritance_tax/4147_農業相続人が農地等を相続した場合の納税猶予の特例.md|data/markdown/nta_taxanswer_asset_tax/01_inheritance_tax/4149_山林を相続した場合の納税猶予の特例.md,multi,similar_terms,formal,納税猶予,normal,candidate_needs_admin_review,nta_taxanswer_inheritance_gift_v1,bge-m3_chroma_v1
CACHE081,QA081,相続税額の軽減と税額控除は同じ意味で使っていいですか,同じではない。配偶者の税額軽減はNo.4158の制度であり未成年者控除や障害者控除などの税額控除とは対象や計算が異なる。,No.4158|No.4164|No.4167,3,5fc59de6d0ad050a|e5516a30c1a3a1b6|1f7b8b13def62be9,No.4158 配偶者の税額の軽減|No.4164 未成年者の税額控除|No.4167 障害者の税額控除,data/markdown/nta_taxanswer_asset_tax/01_inheritance_tax/4158_配偶者の税額の軽減.md|data/markdown/nta_taxanswer_asset_tax/01_inheritance_tax/4164_未成年者の税額控除.md|data/markdown/nta_taxanswer_asset_tax/01_inheritance_tax/4167_障害者の税額控除.md,multi,similar_terms,formal,制度比較,normal,candidate_needs_admin_review,nta_taxanswer_inheritance_gift_v1,bge-m3_chroma_v1
CACHE082,QA082,申告期限と納期限は相続税では別に考えるんですか,相続税は原則として申告期限と納期限が同じく相続開始を知った日の翌日から10か月以内。延納や物納は別途要件を確認する。,No.4205|No.4211|No.4214,3,8919cd225f8060ab|1432452dbd1713c8|8e7b4ce507236bd7,No.4205 相続税の申告と納税|No.4211 相続税の延納|No.4214 相続税の物納,data/markdown/nta_taxanswer_asset_tax/01_inheritance_tax/4205_相続税の申告と納税.md|data/markdown/nta_taxanswer_asset_tax/01_inheritance_tax/4211_相続税の延納.md|data/markdown/nta_taxanswer_asset_tax/01_inheritance_tax/4214_相続税の物納.md,multi,deadline,formal,申告納税,normal,candidate_needs_admin_review,nta_taxanswer_inheritance_gift_v1,bge-m3_chroma_v1
CACHE083,QA083,還付金と還付加算金をRAGが取り違えないように聞くとどうなりますか,準確定申告に係る還付金等は質疑応答02/01で確認し還付加算金は質疑応答02/04で確認する。名称が似るため根拠を分ける。,質疑応答 02/01|質疑応答 02/04,2,4fa26e807c9531fb|32f3a62dbc3a476b,被相続人の準確定申告に係る還付金等|確定申告書提出後に死亡した被相続人に係る還付加算金の課税関係,data/markdown/nta_sozoku_shitsugi/02__01_被相続人の準確定申告に係る還付金等.md|data/markdown/nta_sozoku_shitsugi/02__04_確定申告書提出後に死亡した被相続人に係る還付加算金の課税関係.md,multi,similar_terms,formal,相続財産,hard,candidate_needs_admin_review,nta_taxanswer_inheritance_gift_v1,bge-m3_chroma_v1
CACHE084,QA084,相続時精算課税の選択届出書と贈与税申告書は同じものですか,同じではない。選択届出書に関する添付書類はNo.4304等で確認し贈与税申告や期限後申告の扱いは別途確認する。,No.4304|No.4429|質疑応答 16a/15,3,dd076a3300a76d76|0341ec3a4e2de49d|bdf4a26d24815465,No.4304 相続時精算課税選択届出書に添付する書類|No.4429 贈与税の申告と納税|相続時精算課税選択届出書を単独で提出した後に贈与税の期限後申告書を提出する場合の相続時精算課税の適用の可否（令和６年１月１日以後の贈与の場合）,data/markdown/nta_taxanswer_asset_tax/01_inheritance_tax/4304_相続時精算課税を選択する贈与税の申告書に添付する書類.md|data/markdown/nta_taxanswer_asset_tax/02_gift_tax/4429_贈与税の申告と納税.md|data/markdown/nta_sozoku_shitsugi/16a__15_相続時精算課税選択届出書を単独で提出した後に贈与税の期限後申告書を提出する場合の相続時精算課税の適用の可否（令和６年１月１日以後の贈与の場合）.md,multi,deadline,formal,相続時精算課税,hard,candidate_needs_admin_review,nta_taxanswer_inheritance_gift_v1,bge-m3_chroma_v1
CACHE085,QA085,財産評価と小規模宅地等の特例は同じ段階の話ですか,財産評価は土地等の評価額を算定する話で財産評価基本通達を確認する。小規模宅地等の特例は一定宅地の評価額を減額する相続税特例でNo.4124を確認する。,財産評価基本通達|No.4124,2,626df8e1699a18df|727b0f10c6c2cc14,財産評価|No.4124 相続した事業の用や居住の用の宅地等の価額の特例（小規模宅地等の特例）,data/markdown/nta_zaisan_hyoka_kihon_tsutatsu/01_財産評価.md|data/markdown/nta_taxanswer_asset_tax/01_inheritance_tax/4124_相続した事業の用や居住の用の宅地等の価額の特例（小規模宅地等の特例）.md,multi,valuation,formal,財産評価,hard,candidate_needs_admin_review,nta_taxanswer_inheritance_gift_v1,bge-m3_chroma_v1
CACHE086,QA086,親父が亡くなって生命保険を受け取ったんだけど相続税なの,被相続人が保険料を負担していた死亡保険金なら相続税のみなし相続財産になり得る。非課税枠500万円×法定相続人の数も確認する。,No.4114,1,6dbdcac94932af79,No.4114 相続税の課税対象になる死亡保険金,data/markdown/nta_taxanswer_asset_tax/01_inheritance_tax/4114_相続税の課税対象になる死亡保険金.md,single,similar_terms,colloquial,相続税,normal,candidate_needs_admin_review,nta_taxanswer_inheritance_gift_v1,bge-m3_chroma_v1
CACHE087,QA087,母に家をあげたいんだけど贈与税の配偶者控除って使えるの,夫婦間で婚姻期間20年以上などの要件を満たす居住用不動産等の贈与なら贈与税の配偶者控除を検討できる。親子間には通常この制度は使わない。,No.4452|No.4455,2,d1607100d68b34d4|f8503750e6455149,No.4452 夫婦の間で居住用の不動産を贈与したときの配偶者控除|No.4455 配偶者控除の対象となる居住用不動産の範囲,data/markdown/nta_taxanswer_asset_tax/02_gift_tax/4452_夫婦の間で居住用の不動産を贈与したときの配偶者控除.md|data/markdown/nta_taxanswer_asset_tax/02_gift_tax/4455_配偶者控除の対象となる居住用不動産の範囲.md,multi,confusable,colloquial,贈与税,normal,candidate_needs_admin_review,nta_taxanswer_inheritance_gift_v1,bge-m3_chroma_v1
CACHE088,QA088,じいちゃんから住宅資金をもらったら税金かからないの,直系尊属から住宅取得等資金の贈与を受けた場合の非課税制度を確認する。受贈者や住宅や期限などの要件を満たす必要がある。,No.4508,1,02468b0359439511,No.4508 直系尊属から住宅取得等資金の贈与を受けた場合の非課税,data/markdown/nta_taxanswer_asset_tax/01_inheritance_tax/4508_直系尊属から住宅取得等資金の贈与を受けた場合の非課税.md,single,none,colloquial,贈与税,normal,candidate_needs_admin_review,nta_taxanswer_inheritance_gift_v1,bge-m3_chroma_v1
CACHE089,QA089,相続でもらった土地を売ったら取得費を増やせるって本当,相続税を納めた人が相続財産を一定期間内に譲渡した場合に相続税額の一部を取得費に加算できる特例がある。期限と対象財産を確認する。,No.3267,1,19e3b63ef2da10b6,No.3267 相続財産を譲渡した場合の取得費の特例,data/markdown/nta_taxanswer_asset_tax/05_related_income_tax/3267_相続財産を譲渡した場合の取得費の特例.md,single,similar_terms,colloquial,譲渡所得,normal,candidate_needs_admin_review,nta_taxanswer_inheritance_gift_v1,bge-m3_chroma_v1
CACHE090,QA090,親の借地に自分の家を建てたら贈与になるの,親が借地している土地に子が家を建てる場合は借地権や権利金の扱いを確認する必要がある。親所有土地の使用貸借とは別にNo.4555を確認する。,No.4555|No.4552,2,dce2de64afa539bb|8a2d72a31293224c,No.4555 親の借地に子供が家を建てたとき|No.4552 親の土地に子供が家を建てたとき,data/markdown/nta_taxanswer_asset_tax/02_gift_tax/4555_親の借地に子供が家を建てたとき.md|data/markdown/nta_taxanswer_asset_tax/02_gift_tax/4552_親の土地に子供が家を建てたとき.md,multi,confusable,colloquial,贈与税,hard,candidate_needs_admin_review,nta_taxanswer_inheritance_gift_v1,bge-m3_chroma_v1
CACHE091,QA091,実家が入院で空き家だったけど小規模宅地いける,入院で一時空家となった建物敷地は質疑応答10/06を確認する。生活拠点や居住継続性などの前提事実により判定が変わる。,質疑応答 10/06,1,dce86638023ec58e,入院により空家となっていた建物の敷地についての小規模宅地等の特例,data/markdown/nta_sozoku_shitsugi/10__06_入院により空家となっていた建物の敷地についての小規模宅地等の特例.md,single,none,colloquial,小規模宅地,hard,candidate_needs_admin_review,nta_taxanswer_inheritance_gift_v1,bge-m3_chroma_v1
CACHE092,QA092,老人ホームに入ってた親の家でも小規模宅地いける,老人ホーム入所により空家となっていた建物敷地については質疑応答10/15や10/16を確認する。入所理由や要介護認定などの要件が重要。,質疑応答 10/15|質疑応答 10/16,2,0591e269c92df859|3495034a1e846699,老人ホームへの入所により空家となっていた建物の敷地についての小規模宅地等の特例（平成26年1月1日以後に相続又は遺贈により取得する場合の取扱い）|老人ホームに入所していた被相続人が要介護認定の申請中に死亡した場合の小規模宅地等の特例,data/markdown/nta_sozoku_shitsugi/10__15_老人ホームへの入所により空家となっていた建物の敷地についての小規模宅地等の特例（平成26年1月1日以後に相続又は遺贈により取得する場合の取扱い）.md|data/markdown/nta_sozoku_shitsugi/10__16_老人ホームに入所していた被相続人が要介護認定の申請中に死亡した場合の小規模宅地等の特例.md,multi,none,colloquial,小規模宅地,hard,candidate_needs_admin_review,nta_taxanswer_inheritance_gift_v1,bge-m3_chroma_v1
CACHE093,QA093,兄弟でまだ遺産分割できてないけど相続税申告は待てる,未分割でも申告期限までに申告が必要。法定相続分等で申告し分割後に修正申告や更正の請求を検討する。,No.4208|No.4205,2,f878b40769641342|8919cd225f8060ab,No.4208 相続財産が分割されていないときの申告|No.4205 相続税の申告と納税,data/markdown/nta_taxanswer_asset_tax/01_inheritance_tax/4208_相続財産が分割されていないときの申告.md|data/markdown/nta_taxanswer_asset_tax/01_inheritance_tax/4205_相続税の申告と納税.md,multi,deadline,colloquial,相続税,normal,candidate_needs_admin_review,nta_taxanswer_inheritance_gift_v1,bge-m3_chroma_v1
CACHE094,QA094,農地を相続したけど納税猶予って使えるの,農業相続人が農地等を相続した場合の納税猶予はNo.4147を確認する。農業継続や農業委員会関係など個別要件が重要。,No.4147|質疑応答 18,2,729fad80e3412a5b|514fffb9cebd7c61,No.4147 農業相続人が農地等を相続した場合の納税猶予の特例|2人以上の者が農地等を共有で相続した場合の納税猶予の特例の可否,data/markdown/nta_taxanswer_asset_tax/01_inheritance_tax/4147_農業相続人が農地等を相続した場合の納税猶予の特例.md|data/markdown/nta_sozoku_shitsugi/18__28_2人以上の者が農地等を共有で相続した場合の納税猶予の特例の可否.md,multi,none,colloquial,納税猶予,hard,candidate_needs_admin_review,nta_taxanswer_inheritance_gift_v1,bge-m3_chroma_v1
CACHE095,QA095,会社の株を後継者に渡す事業承継税制はどれを見るべき,非上場株式等の相続税側はNo.4148で贈与税側はNo.4439を確認する。詳細な質疑応答はPDF0025005-103も参照する。,No.4148|No.4439|0025005-103,3,4c29a1bb9a012717|12aa14e84e952351|d26ce20b97fe1b51,No.4148 非上場株式等についての相続税の納税猶予及び免除の特例等（法人版事業承継税制）|No.4439 非上場株式等についての贈与税の納税猶予及び免除の特例等（法人版事業承継税制）|非上場株式等についての贈与税・相続税の納税猶予及び免除の特例措置等に関する質疑応答事例について（情報）,data/markdown/nta_taxanswer_asset_tax/01_inheritance_tax/4148_非上場株式等についての相続税の納税猶予及び免除の特例等（法人版事業承継税制）.md|data/markdown/nta_taxanswer_asset_tax/02_gift_tax/4439_非上場株式等についての贈与税の納税猶予及び免除の特例等（法人版事業承継税制）.md|data/markdown/nta_sozoku_joho_zeikaishaku_pdf/0025005-103_非上場株式等についての贈与税・相続税の納税猶予及び免除の特例措置等に関する質疑応答事例について（情報）.md,multi,none,colloquial,事業承継,hard,candidate_needs_admin_review,nta_taxanswer_inheritance_gift_v1,bge-m3_chroma_v1
CACHE096,QA096,個人事業の機械や店舗を子に承継する税制はどこを見るの,個人の事業用資産についての相続税側はNo.4153で贈与税側はNo.4442を確認する。詳細はPDF0025006-064を参照する。,No.4153|No.4442|0025006-064,3,4a329942ff608478|1279354227df99a2|0f674546eda83d52,No.4153 個人の事業用資産についての相続税の納税猶予及び免除（個人版事業承継税制）|No.4442 個人の事業用資産についての贈与税の納税猶予及び免除（個人版事業承継税制）|個人の事業用資産についての贈与税・相続税の納税猶予及び免除に関する質疑応答事例について（情報）,data/markdown/nta_taxanswer_asset_tax/01_inheritance_tax/4153_個人の事業用資産についての相続税の納税猶予及び免除.md|data/markdown/nta_taxanswer_asset_tax/02_gift_tax/4442_個人の事業用資産についての贈与税の納税猶予及び免除（個人版事業承継税制）.md|data/markdown/nta_sozoku_joho_zeikaishaku_pdf/0025006-064_個人の事業用資産についての贈与税・相続税の納税猶予及び免除に関する質疑応答事例について（情報）.md,multi,none,colloquial,事業承継,hard,candidate_needs_admin_review,nta_taxanswer_inheritance_gift_v1,bge-m3_chroma_v1
CACHE097,QA097,相続人が海外に住んでいる場合は相続税の対象が変わりますか,相続人が外国に居住している場合は納税義務者区分や国内外財産の範囲を確認する。No.4138を基礎に個別の住所国や国籍等も確認する。,No.4138,1,ad2ed1c059aa1e31,No.4138 相続人が外国に居住しているとき,data/markdown/nta_taxanswer_asset_tax/01_inheritance_tax/4138_相続人が外国に居住しているとき.md,single,none,colloquial,国際税務,hard,candidate_needs_admin_review,nta_taxanswer_inheritance_gift_v1,bge-m3_chroma_v1
CACHE098,QA098,ハワイのコンドミニアムを相続したら日本の相続税に関係ありますか,ハワイ州のコンドミニアムの合有不動産権に関する質疑応答02/07を確認する。国外財産でも納税義務者区分により日本の相続税対象になり得る。,質疑応答 02/07|No.4138,2,80347301bdc0dbe9|ad2ed1c059aa1e31,ハワイ州に所在するコンドミニアムの合有不動産権を相続税の課税対象とすることの可否|No.4138 相続人が外国に居住しているとき,data/markdown/nta_sozoku_shitsugi/02__07_ハワイ州に所在するコンドミニアムの合有不動産権を相続税の課税対象とすることの可否.md|data/markdown/nta_taxanswer_asset_tax/01_inheritance_tax/4138_相続人が外国に居住しているとき.md,multi,none,colloquial,国際税務,hard,candidate_needs_admin_review,nta_taxanswer_inheritance_gift_v1,bge-m3_chroma_v1
CACHE099,QA099,離婚で財産をもらったら贈与税ってかかるの,離婚に伴う財産分与は通常贈与税がかからない場合があるが過大な分与や租税回避目的がある場合は課税され得る。No.4414で確認する。,No.4414,1,2d72f7b84b819a5d,No.4414 離婚して財産をもらったとき,data/markdown/nta_taxanswer_asset_tax/02_gift_tax/4414_離婚して財産をもらったとき.md,single,confusable,colloquial,贈与税,normal,candidate_needs_admin_review,nta_taxanswer_inheritance_gift_v1,bge-m3_chroma_v1
CACHE100,QA100,15年以内の年賦延納で不動産割合を判定する場合はどの事例を見ますか,15年以内の年賦延納をすることができる場合の不動産の占める割合の計算は質疑応答20/01を確認する。延納一般はNo.4211も参照する。,質疑応答 20/01|No.4211,2,952ddea3657b9388|2ad5c3f13c42662e,15年以内の年賦延納をすることができる場合の不動産の占める割合の計算|No.4211 相続税の延納,data/markdown/nta_sozoku_shitsugi/20__01_15年以内の年賦延納をすることができる場合の不動産の占める割合の計算.md|data/markdown/nta_taxanswer_asset_tax/01_inheritance_tax/4211_相続税の延納.md,multi,deadline,formal,相続税,hard,candidate_needs_admin_review,nta_taxanswer_inheritance_gift_v1,bge-m3_chroma_v1
