code,title,tax_type,category,asset_tax_category,url,source_index_url,source_h2,source_h3,markdown_path,law_basis_date,fetch_status,error
4102,相続税がかかる場合,相続税,相続と税金,相続税,https://www.nta.go.jp/taxes/shiraberu/taxanswer/sozoku/4102.htm,https://www.nta.go.jp/taxes/shiraberu/taxanswer/code/index.htm,相続税,相続と税金,data/markdown/nta_taxanswer_asset_tax/01_inheritance_tax/4102_相続税がかかる場合.md,令和7年4月1日現在法令等,ok,
4103,相続時精算課税の選択,相続税,相続と税金,相続税,https://www.nta.go.jp/taxes/shiraberu/taxanswer/sozoku/4103.htm,https://www.nta.go.jp/taxes/shiraberu/taxanswer/code/index.htm,相続税,相続と税金,data/markdown/nta_taxanswer_asset_tax/01_inheritance_tax/4103_相続時精算課税の選択.md,令和7年4月1日現在法令等,ok,
4105,相続税がかかる財産,相続税,相続と税金,相続税,https://www.nta.go.jp/taxes/shiraberu/taxanswer/sozoku/4105.htm,https://www.nta.go.jp/taxes/shiraberu/taxanswer/code/index.htm,相続税,相続と税金,data/markdown/nta_taxanswer_asset_tax/01_inheritance_tax/4105_相続税がかかる財産.md,令和7年4月1日現在法令等,ok,
4108,相続税がかからない財産,相続税,相続と税金,相続税,https://www.nta.go.jp/taxes/shiraberu/taxanswer/sozoku/4108.htm,https://www.nta.go.jp/taxes/shiraberu/taxanswer/code/index.htm,相続税,相続と税金,data/markdown/nta_taxanswer_asset_tax/01_inheritance_tax/4108_相続税がかからない財産.md,令和7年4月1日現在法令等,ok,
4111,交通事故の損害賠償金,相続税,相続と税金,相続税,https://www.nta.go.jp/taxes/shiraberu/taxanswer/sozoku/4111.htm,https://www.nta.go.jp/taxes/shiraberu/taxanswer/code/index.htm,相続税,相続と税金,data/markdown/nta_taxanswer_asset_tax/01_inheritance_tax/4111_交通事故の損害賠償金.md,令和7年4月1日現在法令等,ok,
4114,相続税の課税対象になる死亡保険金,相続税,相続と税金,相続税,https://www.nta.go.jp/taxes/shiraberu/taxanswer/sozoku/4114.htm,https://www.nta.go.jp/taxes/shiraberu/taxanswer/code/index.htm,相続税,相続と税金,data/markdown/nta_taxanswer_asset_tax/01_inheritance_tax/4114_相続税の課税対象になる死亡保険金.md,令和7年4月1日現在法令等,ok,
4117,相続税の課税対象になる死亡退職金,相続税,相続と税金,相続税,https://www.nta.go.jp/taxes/shiraberu/taxanswer/sozoku/4117.htm,https://www.nta.go.jp/taxes/shiraberu/taxanswer/code/index.htm,相続税,相続と税金,data/markdown/nta_taxanswer_asset_tax/01_inheritance_tax/4117_相続税の課税対象になる死亡退職金.md,令和7年4月1日現在法令等,ok,
4120,弔慰金を受け取ったときの取扱い,相続税,相続と税金,相続税,https://www.nta.go.jp/taxes/shiraberu/taxanswer/sozoku/4120.htm,https://www.nta.go.jp/taxes/shiraberu/taxanswer/code/index.htm,相続税,相続と税金,data/markdown/nta_taxanswer_asset_tax/01_inheritance_tax/4120_弔慰金を受け取ったときの取扱い.md,令和7年4月1日現在法令等,ok,
4123,相続税等の課税対象になる年金受給権,相続税,相続と税金,相続税,https://www.nta.go.jp/taxes/shiraberu/taxanswer/sozoku/4123.htm,https://www.nta.go.jp/taxes/shiraberu/taxanswer/code/index.htm,相続税,相続と税金,data/markdown/nta_taxanswer_asset_tax/01_inheritance_tax/4123_相続税等の課税対象になる年金受給権.md,令和7年4月1日現在法令等,ok,
4124,相続した事業の用や居住の用の宅地等の価額の特例（小規模宅地等の特例）,相続税,相続と税金,相続税,https://www.nta.go.jp/taxes/shiraberu/taxanswer/sozoku/4124.htm,https://www.nta.go.jp/taxes/shiraberu/taxanswer/code/index.htm,相続税,相続と税金,data/markdown/nta_taxanswer_asset_tax/01_inheritance_tax/4124_相続した事業の用や居住の用の宅地等の価額の特例（小規模宅地等の特例）.md,令和7年4月1日現在法令等,ok,
4126,相続財産から控除できる債務,相続税,相続と税金,相続税,https://www.nta.go.jp/taxes/shiraberu/taxanswer/sozoku/4126.htm,https://www.nta.go.jp/taxes/shiraberu/taxanswer/code/index.htm,相続税,相続と税金,data/markdown/nta_taxanswer_asset_tax/01_inheritance_tax/4126_相続財産から控除できる債務.md,令和7年4月1日現在法令等,ok,
4129,相続財産から控除できる葬式費用,相続税,相続と税金,相続税,https://www.nta.go.jp/taxes/shiraberu/taxanswer/sozoku/4129.htm,https://www.nta.go.jp/taxes/shiraberu/taxanswer/code/index.htm,相続税,相続と税金,data/markdown/nta_taxanswer_asset_tax/01_inheritance_tax/4129_相続財産から控除できる葬式費用.md,令和7年4月1日現在法令等,ok,
4132,相続人の範囲と法定相続分,相続税,相続と税金,相続税,https://www.nta.go.jp/taxes/shiraberu/taxanswer/sozoku/4132.htm,https://www.nta.go.jp/taxes/shiraberu/taxanswer/code/index.htm,相続税,相続と税金,data/markdown/nta_taxanswer_asset_tax/01_inheritance_tax/4132_相続人の範囲と法定相続分.md,令和7年4月1日現在法令等,ok,
4138,相続人が外国に居住しているとき,相続税,相続と税金,相続税,https://www.nta.go.jp/taxes/shiraberu/taxanswer/sozoku/4138.htm,https://www.nta.go.jp/taxes/shiraberu/taxanswer/code/index.htm,相続税,相続と税金,data/markdown/nta_taxanswer_asset_tax/01_inheritance_tax/4138_相続人が外国に居住しているとき.md,令和7年4月1日現在法令等,ok,
4141,相続財産を公益法人などに寄附したとき,相続税,相続と税金,相続税,https://www.nta.go.jp/taxes/shiraberu/taxanswer/sozoku/4141.htm,https://www.nta.go.jp/taxes/shiraberu/taxanswer/code/index.htm,相続税,相続と税金,data/markdown/nta_taxanswer_asset_tax/01_inheritance_tax/4141_相続財産を公益法人などに寄附したとき.md,令和7年4月1日現在法令等,ok,
4143,特定の一般社団法人等に対する課税,相続税,相続と税金,相続税,https://www.nta.go.jp/taxes/shiraberu/taxanswer/sozoku/4143.htm,https://www.nta.go.jp/taxes/shiraberu/taxanswer/code/index.htm,相続税,相続と税金,data/markdown/nta_taxanswer_asset_tax/01_inheritance_tax/4143_特定の一般社団法人等に対する課税.md,令和7年4月1日現在法令等,ok,
4147,農業相続人が農地等を相続した場合の納税猶予の特例,相続税,相続と税金,相続税,https://www.nta.go.jp/taxes/shiraberu/taxanswer/sozoku/4147.htm,https://www.nta.go.jp/taxes/shiraberu/taxanswer/code/index.htm,相続税,相続と税金,data/markdown/nta_taxanswer_asset_tax/01_inheritance_tax/4147_農業相続人が農地等を相続した場合の納税猶予の特例.md,令和7年4月1日現在法令等,ok,
4148,非上場株式等についての相続税の納税猶予及び免除の特例等（法人版事業承継税制）,相続税,相続と税金,相続税,https://www.nta.go.jp/taxes/shiraberu/taxanswer/sozoku/4148.htm,https://www.nta.go.jp/taxes/shiraberu/taxanswer/code/index.htm,相続税,相続と税金,data/markdown/nta_taxanswer_asset_tax/01_inheritance_tax/4148_非上場株式等についての相続税の納税猶予及び免除の特例等（法人版事業承継税制）.md,令和7年4月1日現在法令等,ok,
4149,山林を相続した場合の納税猶予の特例,相続税,相続と税金,相続税,https://www.nta.go.jp/taxes/shiraberu/taxanswer/sozoku/4149.htm,https://www.nta.go.jp/taxes/shiraberu/taxanswer/code/index.htm,相続税,相続と税金,data/markdown/nta_taxanswer_asset_tax/01_inheritance_tax/4149_山林を相続した場合の納税猶予の特例.md,令和7年4月1日現在法令等,ok,
4150,医療法人の持分についての相続税の納税猶予の特例,相続税,相続と税金,相続税,https://www.nta.go.jp/taxes/shiraberu/taxanswer/sozoku/4150.htm,https://www.nta.go.jp/taxes/shiraberu/taxanswer/code/index.htm,相続税,相続と税金,data/markdown/nta_taxanswer_asset_tax/01_inheritance_tax/4150_医療法人の持分についての相続税の納税猶予の特例.md,令和7年4月1日現在法令等,ok,
4152,相続税の計算,相続税,相続税の計算と税額控除,相続税,https://www.nta.go.jp/taxes/shiraberu/taxanswer/sozoku/4152.htm,https://www.nta.go.jp/taxes/shiraberu/taxanswer/code/index.htm,相続税,相続税の計算と税額控除,data/markdown/nta_taxanswer_asset_tax/01_inheritance_tax/4152_相続税の計算.md,令和7年4月1日現在法令等,ok,
4153,個人の事業用資産についての相続税の納税猶予及び免除,相続税,相続と税金,相続税,https://www.nta.go.jp/taxes/shiraberu/taxanswer/sozoku/4153.htm,https://www.nta.go.jp/taxes/shiraberu/taxanswer/code/index.htm,相続税,相続と税金,data/markdown/nta_taxanswer_asset_tax/01_inheritance_tax/4153_個人の事業用資産についての相続税の納税猶予及び免除.md,令和7年4月1日現在法令等,ok,
4154,特定の美術品についての相続税の納税猶予及び免除,相続税,相続と税金,相続税,https://www.nta.go.jp/taxes/shiraberu/taxanswer/sozoku/4154.htm,https://www.nta.go.jp/taxes/shiraberu/taxanswer/code/index.htm,相続税,相続と税金,data/markdown/nta_taxanswer_asset_tax/01_inheritance_tax/4154_特定の美術品についての相続税の納税猶予及び免除.md,令和7年4月1日現在法令等,ok,
4155,相続税の税率,相続税,相続税の計算と税額控除,相続税,https://www.nta.go.jp/taxes/shiraberu/taxanswer/sozoku/4155.htm,https://www.nta.go.jp/taxes/shiraberu/taxanswer/code/index.htm,相続税,相続税の計算と税額控除,data/markdown/nta_taxanswer_asset_tax/01_inheritance_tax/4155_相続税の税率.md,令和7年4月1日現在法令等,ok,
4157,相続税額の2割加算,相続税,相続税の計算と税額控除,相続税,https://www.nta.go.jp/taxes/shiraberu/taxanswer/sozoku/4157.htm,https://www.nta.go.jp/taxes/shiraberu/taxanswer/code/index.htm,相続税,相続税の計算と税額控除,data/markdown/nta_taxanswer_asset_tax/01_inheritance_tax/4157_相続税額の2割加算.md,令和7年4月1日現在法令等,ok,
4158,配偶者の税額の軽減,相続税,相続税の計算と税額控除,相続税,https://www.nta.go.jp/taxes/shiraberu/taxanswer/sozoku/4158.htm,https://www.nta.go.jp/taxes/shiraberu/taxanswer/code/index.htm,相続税,相続税の計算と税額控除,data/markdown/nta_taxanswer_asset_tax/01_inheritance_tax/4158_配偶者の税額の軽減.md,令和7年4月1日現在法令等,ok,
4161,贈与財産の加算と税額控除（暦年課税）,相続税,相続税の計算と税額控除,相続税,https://www.nta.go.jp/taxes/shiraberu/taxanswer/sozoku/4161.htm,https://www.nta.go.jp/taxes/shiraberu/taxanswer/code/index.htm,相続税,相続税の計算と税額控除,data/markdown/nta_taxanswer_asset_tax/01_inheritance_tax/4161_贈与財産の加算と税額控除（暦年課税）.md,令和7年4月1日現在法令等,ok,
4164,未成年者の税額控除,相続税,相続税の計算と税額控除,相続税,https://www.nta.go.jp/taxes/shiraberu/taxanswer/sozoku/4164.htm,https://www.nta.go.jp/taxes/shiraberu/taxanswer/code/index.htm,相続税,相続税の計算と税額控除,data/markdown/nta_taxanswer_asset_tax/01_inheritance_tax/4164_未成年者の税額控除.md,令和7年4月1日現在法令等,ok,
4167,障害者の税額控除,相続税,相続税の計算と税額控除,相続税,https://www.nta.go.jp/taxes/shiraberu/taxanswer/sozoku/4167.htm,https://www.nta.go.jp/taxes/shiraberu/taxanswer/code/index.htm,相続税,相続税の計算と税額控除,data/markdown/nta_taxanswer_asset_tax/01_inheritance_tax/4167_障害者の税額控除.md,令和7年4月1日現在法令等,ok,
4168,相次相続控除,相続税,相続税の計算と税額控除,相続税,https://www.nta.go.jp/taxes/shiraberu/taxanswer/sozoku/4168.htm,https://www.nta.go.jp/taxes/shiraberu/taxanswer/code/index.htm,相続税,相続税の計算と税額控除,data/markdown/nta_taxanswer_asset_tax/01_inheritance_tax/4168_相次相続控除.md,令和7年4月1日現在法令等,ok,
4170,相続人の中に養子がいるとき,相続税,相続税の計算と税額控除,相続税,https://www.nta.go.jp/taxes/shiraberu/taxanswer/sozoku/4170.htm,https://www.nta.go.jp/taxes/shiraberu/taxanswer/code/index.htm,相続税,相続税の計算と税額控除,data/markdown/nta_taxanswer_asset_tax/01_inheritance_tax/4170_相続人の中に養子がいるとき.md,令和7年4月1日現在法令等,ok,
4173,代償分割が行われた場合の相続税の課税価格の計算,相続税,相続税の計算と税額控除,相続税,https://www.nta.go.jp/taxes/shiraberu/taxanswer/sozoku/4173.htm,https://www.nta.go.jp/taxes/shiraberu/taxanswer/code/index.htm,相続税,相続税の計算と税額控除,data/markdown/nta_taxanswer_asset_tax/01_inheritance_tax/4173_代償分割が行われた場合の相続税の課税価格の計算.md,令和7年4月1日現在法令等,ok,
4176,遺言書の内容と異なる遺産分割をした場合の相続税と贈与税,相続税,相続税の計算と税額控除,相続税,https://www.nta.go.jp/taxes/shiraberu/taxanswer/sozoku/4176.htm,https://www.nta.go.jp/taxes/shiraberu/taxanswer/code/index.htm,相続税,相続税の計算と税額控除,data/markdown/nta_taxanswer_asset_tax/01_inheritance_tax/4176_遺言書の内容と異なる遺産分割をした場合の相続税と贈与税.md,令和7年4月1日現在法令等,ok,
4177,医療法人の持分についての相続税の税額控除の特例,相続税,相続税の計算と税額控除,相続税,https://www.nta.go.jp/taxes/shiraberu/taxanswer/sozoku/4177.htm,https://www.nta.go.jp/taxes/shiraberu/taxanswer/code/index.htm,相続税,相続税の計算と税額控除,data/markdown/nta_taxanswer_asset_tax/01_inheritance_tax/4177_医療法人の持分についての相続税の税額控除の特例.md,令和7年4月1日現在法令等,ok,
4202,相続税の申告のために必要な準備,相続税,相続税の申告と納税,相続税,https://www.nta.go.jp/taxes/shiraberu/taxanswer/sozoku/4202.htm,https://www.nta.go.jp/taxes/shiraberu/taxanswer/code/index.htm,相続税,相続税の申告と納税,data/markdown/nta_taxanswer_asset_tax/01_inheritance_tax/4202_相続税の申告のために必要な準備.md,令和7年4月1日現在法令等,ok,
4205,相続税の申告と納税,相続税,相続税の申告と納税,相続税,https://www.nta.go.jp/taxes/shiraberu/taxanswer/sozoku/4205.htm,https://www.nta.go.jp/taxes/shiraberu/taxanswer/code/index.htm,相続税,相続税の申告と納税,data/markdown/nta_taxanswer_asset_tax/01_inheritance_tax/4205_相続税の申告と納税.md,令和7年4月1日現在法令等,ok,
4208,相続財産が分割されていないときの申告,相続税,相続税の申告と納税,相続税,https://www.nta.go.jp/taxes/shiraberu/taxanswer/sozoku/4208.htm,https://www.nta.go.jp/taxes/shiraberu/taxanswer/code/index.htm,相続税,相続税の申告と納税,data/markdown/nta_taxanswer_asset_tax/01_inheritance_tax/4208_相続財産が分割されていないときの申告.md,令和7年4月1日現在法令等,ok,
4211,相続税の延納,相続税,相続税の申告と納税,相続税,https://www.nta.go.jp/taxes/shiraberu/taxanswer/sozoku/4211.htm,https://www.nta.go.jp/taxes/shiraberu/taxanswer/code/index.htm,相続税,相続税の申告と納税,data/markdown/nta_taxanswer_asset_tax/01_inheritance_tax/4211_相続税の延納.md,令和7年4月1日現在法令等,ok,
4214,相続税の物納,相続税,相続税の申告と納税,相続税,https://www.nta.go.jp/taxes/shiraberu/taxanswer/sozoku/4214.htm,https://www.nta.go.jp/taxes/shiraberu/taxanswer/code/index.htm,相続税,相続税の申告と納税,data/markdown/nta_taxanswer_asset_tax/01_inheritance_tax/4214_相続税の物納.md,令和7年4月1日現在法令等,ok,
4301,相続時精算課税の選択と相続税の申告義務,相続税,相続時精算課税,相続税,https://www.nta.go.jp/taxes/shiraberu/taxanswer/sozoku/4301.htm,https://www.nta.go.jp/taxes/shiraberu/taxanswer/code/index.htm,相続税,相続時精算課税,data/markdown/nta_taxanswer_asset_tax/01_inheritance_tax/4301_相続時精算課税の選択と相続税の申告義務.md,令和7年4月1日現在法令等,ok,
4302,贈与者が贈与した年の中途に死亡した場合の相続時精算課税の選択,相続税,相続時精算課税,相続税,https://www.nta.go.jp/taxes/shiraberu/taxanswer/sozoku/4302.htm,https://www.nta.go.jp/taxes/shiraberu/taxanswer/code/index.htm,相続税,相続時精算課税,data/markdown/nta_taxanswer_asset_tax/01_inheritance_tax/4302_贈与者が贈与した年の中途に死亡した場合の相続時精算課税の選択.md,令和7年4月1日現在法令等,ok,
4303,年の中途に推定相続人又は孫となった場合の相続時精算課税の適用,相続税,相続時精算課税,相続税,https://www.nta.go.jp/taxes/shiraberu/taxanswer/sozoku/4303.htm,https://www.nta.go.jp/taxes/shiraberu/taxanswer/code/index.htm,相続税,相続時精算課税,data/markdown/nta_taxanswer_asset_tax/01_inheritance_tax/4303_年の中途に推定相続人又は孫となった場合の相続時精算課税の適用.md,令和7年4月1日現在法令等,ok,
4304,相続時精算課税を選択する贈与税の申告書に添付する書類,相続税,相続時精算課税,相続税,https://www.nta.go.jp/taxes/shiraberu/taxanswer/sozoku/4304.htm,https://www.nta.go.jp/taxes/shiraberu/taxanswer/code/index.htm,相続税,相続時精算課税,data/markdown/nta_taxanswer_asset_tax/01_inheritance_tax/4304_相続時精算課税を選択する贈与税の申告書に添付する書類.md,令和7年4月1日現在法令等,ok,
4305,相続時精算課税を選択する贈与税の申告書に添付する書類（贈与税の申告期限前に受贈者が死亡した場合）,相続税,相続時精算課税,相続税,https://www.nta.go.jp/taxes/shiraberu/taxanswer/sozoku/4305.htm,https://www.nta.go.jp/taxes/shiraberu/taxanswer/code/index.htm,相続税,相続時精算課税,data/markdown/nta_taxanswer_asset_tax/01_inheritance_tax/4305_相続時精算課税を選択する贈与税の申告書に添付する書類（贈与税の申告期限前に受贈者が死亡した場合）.md,令和7年4月1日現在法令等,ok,
4307,贈与者が贈与をした年に死亡した場合の贈与税及び相続税の取扱い,相続税,相続時精算課税,相続税,https://www.nta.go.jp/taxes/shiraberu/taxanswer/sozoku/4307.htm,https://www.nta.go.jp/taxes/shiraberu/taxanswer/code/index.htm,相続税,相続時精算課税,data/markdown/nta_taxanswer_asset_tax/01_inheritance_tax/4307_贈与者が贈与をした年に死亡した場合の贈与税及び相続税の取扱い.md,令和7年4月1日現在法令等,ok,
4409,贈与税の計算(相続時精算課税の選択をした場合),相続税,相続時精算課税,相続税,https://www.nta.go.jp/taxes/shiraberu/taxanswer/sozoku/4409.htm,https://www.nta.go.jp/taxes/shiraberu/taxanswer/code/index.htm,相続税,相続時精算課税,data/markdown/nta_taxanswer_asset_tax/01_inheritance_tax/4409_贈与税の計算(相続時精算課税の選択をした場合).md,令和7年4月1日現在法令等,ok,
4503,住宅取得等資金の贈与を受けた場合の相続時精算課税選択の特例,相続税,相続時精算課税,相続税,https://www.nta.go.jp/taxes/shiraberu/taxanswer/sozoku/4503.htm,https://www.nta.go.jp/taxes/shiraberu/taxanswer/code/index.htm,相続税,相続時精算課税,data/markdown/nta_taxanswer_asset_tax/01_inheritance_tax/4503_住宅取得等資金の贈与を受けた場合の相続時精算課税選択の特例.md,令和7年4月1日現在法令等,ok,
4504,住宅取得等資金の贈与を受けた場合の贈与税の計算(相続時精算課税の選択をした場合),相続税,相続時精算課税,相続税,https://www.nta.go.jp/taxes/shiraberu/taxanswer/sozoku/4504.htm,https://www.nta.go.jp/taxes/shiraberu/taxanswer/code/index.htm,相続税,相続時精算課税,data/markdown/nta_taxanswer_asset_tax/01_inheritance_tax/4504_住宅取得等資金の贈与を受けた場合の贈与税の計算(相続時精算課税の選択をした場合).md,令和7年4月1日現在法令等,ok,
4506,住宅取得等資金とそれ以外の財産を同一年中に贈与されたとき（相続時精算課税）,相続税,相続時精算課税,相続税,https://www.nta.go.jp/taxes/shiraberu/taxanswer/sozoku/4506.htm,https://www.nta.go.jp/taxes/shiraberu/taxanswer/code/index.htm,相続税,相続時精算課税,data/markdown/nta_taxanswer_asset_tax/01_inheritance_tax/4506_住宅取得等資金とそれ以外の財産を同一年中に贈与されたとき（相続時精算課税）.md,令和7年4月1日現在法令等,ok,
4507,住宅取得等資金で取得した家屋に居住できないとき（相続時精算課税）,相続税,相続時精算課税,相続税,https://www.nta.go.jp/taxes/shiraberu/taxanswer/sozoku/4507.htm,https://www.nta.go.jp/taxes/shiraberu/taxanswer/code/index.htm,相続税,相続時精算課税,data/markdown/nta_taxanswer_asset_tax/01_inheritance_tax/4507_住宅取得等資金で取得した家屋に居住できないとき（相続時精算課税）.md,令和7年4月1日現在法令等,ok,
4508,直系尊属から住宅取得等資金の贈与を受けた場合の非課税,相続税,相続時精算課税,相続税,https://www.nta.go.jp/taxes/shiraberu/taxanswer/sozoku/4508.htm,https://www.nta.go.jp/taxes/shiraberu/taxanswer/code/index.htm,相続税,相続時精算課税,data/markdown/nta_taxanswer_asset_tax/01_inheritance_tax/4508_直系尊属から住宅取得等資金の贈与を受けた場合の非課税.md,令和7年4月1日現在法令等,ok,
4602,土地家屋の評価,相続税,相続と税金,相続税,https://www.nta.go.jp/taxes/shiraberu/taxanswer/sozoku/4602.htm,https://www.nta.go.jp/taxes/shiraberu/taxanswer/code/index.htm,相続税,相続と税金,data/markdown/nta_taxanswer_asset_tax/01_inheritance_tax/4602_土地家屋の評価.md,令和7年4月1日現在法令等,ok,
4402,贈与税がかかる場合,贈与税,贈与と税金,贈与税,https://www.nta.go.jp/taxes/shiraberu/taxanswer/zoyo/4402.htm,https://www.nta.go.jp/taxes/shiraberu/taxanswer/code/index.htm,贈与税,贈与と税金,data/markdown/nta_taxanswer_asset_tax/02_gift_tax/4402_贈与税がかかる場合.md,令和7年4月1日現在法令等,ok,
4405,贈与税がかからない場合,贈与税,贈与と税金,贈与税,https://www.nta.go.jp/taxes/shiraberu/taxanswer/zoyo/4405.htm,https://www.nta.go.jp/taxes/shiraberu/taxanswer/code/index.htm,贈与税,贈与と税金,data/markdown/nta_taxanswer_asset_tax/02_gift_tax/4405_贈与税がかからない場合.md,令和7年4月1日現在法令等,ok,
4408,贈与税の計算と税率（暦年課税）,贈与税,贈与と税金,贈与税,https://www.nta.go.jp/taxes/shiraberu/taxanswer/zoyo/4408.htm,https://www.nta.go.jp/taxes/shiraberu/taxanswer/code/index.htm,贈与税,贈与と税金,data/markdown/nta_taxanswer_asset_tax/02_gift_tax/4408_贈与税の計算と税率（暦年課税）.md,令和7年4月1日現在法令等,ok,
4410,複数の人から贈与を受けたとき（暦年課税）,贈与税,贈与と税金,贈与税,https://www.nta.go.jp/taxes/shiraberu/taxanswer/zoyo/4410.htm,https://www.nta.go.jp/taxes/shiraberu/taxanswer/code/index.htm,贈与税,贈与と税金,data/markdown/nta_taxanswer_asset_tax/02_gift_tax/4410_複数の人から贈与を受けたとき（暦年課税）.md,令和7年4月1日現在法令等,ok,
4411,共働きの夫婦が住宅を買ったとき,贈与税,贈与と税金,贈与税,https://www.nta.go.jp/taxes/shiraberu/taxanswer/zoyo/4411.htm,https://www.nta.go.jp/taxes/shiraberu/taxanswer/code/index.htm,贈与税,贈与と税金,data/markdown/nta_taxanswer_asset_tax/02_gift_tax/4411_共働きの夫婦が住宅を買ったとき.md,令和7年4月1日現在法令等,ok,
4414,離婚して財産をもらったとき,贈与税,贈与と税金,贈与税,https://www.nta.go.jp/taxes/shiraberu/taxanswer/zoyo/4414.htm,https://www.nta.go.jp/taxes/shiraberu/taxanswer/code/index.htm,贈与税,贈与と税金,data/markdown/nta_taxanswer_asset_tax/02_gift_tax/4414_離婚して財産をもらったとき.md,令和7年4月1日現在法令等,ok,
4417,贈与税の対象になる生命保険金,贈与税,贈与と税金,贈与税,https://www.nta.go.jp/taxes/shiraberu/taxanswer/zoyo/4417.htm,https://www.nta.go.jp/taxes/shiraberu/taxanswer/code/index.htm,贈与税,贈与と税金,data/markdown/nta_taxanswer_asset_tax/02_gift_tax/4417_贈与税の対象になる生命保険金.md,令和7年4月1日現在法令等,ok,
4420,親から金銭を借りた場合,贈与税,贈与と税金,贈与税,https://www.nta.go.jp/taxes/shiraberu/taxanswer/zoyo/4420.htm,https://www.nta.go.jp/taxes/shiraberu/taxanswer/code/index.htm,贈与税,贈与と税金,data/markdown/nta_taxanswer_asset_tax/02_gift_tax/4420_親から金銭を借りた場合.md,令和7年4月1日現在法令等,ok,
4423,個人から著しく低い価額で財産を譲り受けたとき,贈与税,贈与と税金,贈与税,https://www.nta.go.jp/taxes/shiraberu/taxanswer/zoyo/4423.htm,https://www.nta.go.jp/taxes/shiraberu/taxanswer/code/index.htm,贈与税,贈与と税金,data/markdown/nta_taxanswer_asset_tax/02_gift_tax/4423_個人から著しく低い価額で財産を譲り受けたとき.md,令和7年4月1日現在法令等,ok,
4424,債務免除等を受けた場合,贈与税,贈与と税金,贈与税,https://www.nta.go.jp/taxes/shiraberu/taxanswer/zoyo/4424.htm,https://www.nta.go.jp/taxes/shiraberu/taxanswer/code/index.htm,贈与税,贈与と税金,data/markdown/nta_taxanswer_asset_tax/02_gift_tax/4424_債務免除等を受けた場合.md,令和7年4月1日現在法令等,ok,
4426,負担付贈与に対する課税,贈与税,贈与と税金,贈与税,https://www.nta.go.jp/taxes/shiraberu/taxanswer/zoyo/4426.htm,https://www.nta.go.jp/taxes/shiraberu/taxanswer/code/index.htm,贈与税,贈与と税金,data/markdown/nta_taxanswer_asset_tax/02_gift_tax/4426_負担付贈与に対する課税.md,令和7年4月1日現在法令等,ok,
4427,新たに信託の設定等を行った場合,贈与税,贈与と税金,贈与税,https://www.nta.go.jp/taxes/shiraberu/taxanswer/zoyo/4427.htm,https://www.nta.go.jp/taxes/shiraberu/taxanswer/code/index.htm,贈与税,贈与と税金,data/markdown/nta_taxanswer_asset_tax/02_gift_tax/4427_新たに信託の設定等を行った場合.md,令和7年4月1日現在法令等,ok,
4429,贈与税の申告と納税,贈与税,贈与と税金,贈与税,https://www.nta.go.jp/taxes/shiraberu/taxanswer/zoyo/4429.htm,https://www.nta.go.jp/taxes/shiraberu/taxanswer/code/index.htm,贈与税,贈与と税金,data/markdown/nta_taxanswer_asset_tax/02_gift_tax/4429_贈与税の申告と納税.md,令和7年4月1日現在法令等,ok,
4432,受贈者が外国に居住しているとき,贈与税,贈与と税金,贈与税,https://www.nta.go.jp/taxes/shiraberu/taxanswer/zoyo/4432.htm,https://www.nta.go.jp/taxes/shiraberu/taxanswer/code/index.htm,贈与税,贈与と税金,data/markdown/nta_taxanswer_asset_tax/02_gift_tax/4432_受贈者が外国に居住しているとき.md,令和7年4月1日現在法令等,ok,
4438,農業後継者が農地等の贈与を受けた場合の納税猶予の特例,贈与税,贈与と税金,贈与税,https://www.nta.go.jp/taxes/shiraberu/taxanswer/zoyo/4438.htm,https://www.nta.go.jp/taxes/shiraberu/taxanswer/code/index.htm,贈与税,贈与と税金,data/markdown/nta_taxanswer_asset_tax/02_gift_tax/4438_農業後継者が農地等の贈与を受けた場合の納税猶予の特例.md,令和7年4月1日現在法令等,ok,
4439,非上場株式等についての贈与税の納税猶予及び免除の特例等（法人版事業承継税制）,贈与税,贈与と税金,贈与税,https://www.nta.go.jp/taxes/shiraberu/taxanswer/zoyo/4439.htm,https://www.nta.go.jp/taxes/shiraberu/taxanswer/code/index.htm,贈与税,贈与と税金,data/markdown/nta_taxanswer_asset_tax/02_gift_tax/4439_非上場株式等についての贈与税の納税猶予及び免除の特例等（法人版事業承継税制）.md,令和7年4月1日現在法令等,ok,
4440,医療法人の持分に係る経済的利益についての贈与税の納税猶予の特例,贈与税,贈与と税金,贈与税,https://www.nta.go.jp/taxes/shiraberu/taxanswer/zoyo/4440.htm,https://www.nta.go.jp/taxes/shiraberu/taxanswer/code/index.htm,贈与税,贈与と税金,data/markdown/nta_taxanswer_asset_tax/02_gift_tax/4440_医療法人の持分に係る経済的利益についての贈与税の納税猶予の特例.md,令和7年4月1日現在法令等,ok,
4441,医療法人の持分に係る経済的利益についての贈与税の税額控除の特例,贈与税,贈与と税金,贈与税,https://www.nta.go.jp/taxes/shiraberu/taxanswer/zoyo/4441.htm,https://www.nta.go.jp/taxes/shiraberu/taxanswer/code/index.htm,贈与税,贈与と税金,data/markdown/nta_taxanswer_asset_tax/02_gift_tax/4441_医療法人の持分に係る経済的利益についての贈与税の税額控除の特例.md,令和7年4月1日現在法令等,ok,
4442,個人の事業用資産についての贈与税の納税猶予及び免除（個人版事業承継税制）,贈与税,贈与と税金,贈与税,https://www.nta.go.jp/taxes/shiraberu/taxanswer/zoyo/4442.htm,https://www.nta.go.jp/taxes/shiraberu/taxanswer/code/index.htm,贈与税,贈与と税金,data/markdown/nta_taxanswer_asset_tax/02_gift_tax/4442_個人の事業用資産についての贈与税の納税猶予及び免除（個人版事業承継税制）.md,令和7年4月1日現在法令等,ok,
4452,夫婦の間で居住用の不動産を贈与したときの配偶者控除,贈与税,夫婦間の居住用不動産の贈与,贈与税,https://www.nta.go.jp/taxes/shiraberu/taxanswer/zoyo/4452.htm,https://www.nta.go.jp/taxes/shiraberu/taxanswer/code/index.htm,贈与税,夫婦間の居住用不動産の贈与,data/markdown/nta_taxanswer_asset_tax/02_gift_tax/4452_夫婦の間で居住用の不動産を贈与したときの配偶者控除.md,令和7年4月1日現在法令等,ok,
4455,配偶者控除の対象となる居住用不動産の範囲,贈与税,夫婦間の居住用不動産の贈与,贈与税,https://www.nta.go.jp/taxes/shiraberu/taxanswer/zoyo/4455.htm,https://www.nta.go.jp/taxes/shiraberu/taxanswer/code/index.htm,贈与税,夫婦間の居住用不動産の贈与,data/markdown/nta_taxanswer_asset_tax/02_gift_tax/4455_配偶者控除の対象となる居住用不動産の範囲.md,令和7年4月1日現在法令等,ok,
4510,直系尊属から教育資金の一括贈与を受けた場合の非課税,贈与税,贈与と税金,贈与税,https://www.nta.go.jp/taxes/shiraberu/taxanswer/zoyo/4510.htm,https://www.nta.go.jp/taxes/shiraberu/taxanswer/code/index.htm,贈与税,贈与と税金,data/markdown/nta_taxanswer_asset_tax/02_gift_tax/4510_直系尊属から教育資金の一括贈与を受けた場合の非課税.md,令和8年4月1日現在法令等,ok,
4511,直系尊属から結婚・子育て資金の一括贈与を受けた場合の非課税,贈与税,贈与と税金,贈与税,https://www.nta.go.jp/taxes/shiraberu/taxanswer/zoyo/4511.htm,https://www.nta.go.jp/taxes/shiraberu/taxanswer/code/index.htm,贈与税,贈与と税金,data/markdown/nta_taxanswer_asset_tax/02_gift_tax/4511_直系尊属から結婚・子育て資金の一括贈与を受けた場合の非課税.md,令和7年4月1日現在法令等,ok,
4552,親の土地に子供が家を建てたとき,贈与税,親子間の土地の無償使用,贈与税,https://www.nta.go.jp/taxes/shiraberu/taxanswer/zoyo/4552.htm,https://www.nta.go.jp/taxes/shiraberu/taxanswer/code/index.htm,贈与税,親子間の土地の無償使用,data/markdown/nta_taxanswer_asset_tax/02_gift_tax/4552_親の土地に子供が家を建てたとき.md,令和7年4月1日現在法令等,ok,
4553,使用貸借に係る土地を贈与により取得したとき,贈与税,親子間の土地の無償使用,贈与税,https://www.nta.go.jp/taxes/shiraberu/taxanswer/zoyo/4553.htm,https://www.nta.go.jp/taxes/shiraberu/taxanswer/code/index.htm,贈与税,親子間の土地の無償使用,data/markdown/nta_taxanswer_asset_tax/02_gift_tax/4553_使用貸借に係る土地を贈与により取得したとき.md,令和7年4月1日現在法令等,ok,
4555,親の借地に子供が家を建てたとき,贈与税,親子間の土地の無償使用,贈与税,https://www.nta.go.jp/taxes/shiraberu/taxanswer/zoyo/4555.htm,https://www.nta.go.jp/taxes/shiraberu/taxanswer/code/index.htm,贈与税,親子間の土地の無償使用,data/markdown/nta_taxanswer_asset_tax/02_gift_tax/4555_親の借地に子供が家を建てたとき.md,令和7年4月1日現在法令等,ok,
4557,親名義の建物に子供が増築したとき,贈与税,親子間の土地の無償使用,贈与税,https://www.nta.go.jp/taxes/shiraberu/taxanswer/zoyo/4557.htm,https://www.nta.go.jp/taxes/shiraberu/taxanswer/code/index.htm,贈与税,親子間の土地の無償使用,data/markdown/nta_taxanswer_asset_tax/02_gift_tax/4557_親名義の建物に子供が増築したとき.md,令和7年4月1日現在法令等,ok,
4560,親が借地している土地の底地部分を子供が買い取ったとき,贈与税,親子間の土地の無償使用,贈与税,https://www.nta.go.jp/taxes/shiraberu/taxanswer/zoyo/4560.htm,https://www.nta.go.jp/taxes/shiraberu/taxanswer/code/index.htm,贈与税,親子間の土地の無償使用,data/markdown/nta_taxanswer_asset_tax/02_gift_tax/4560_親が借地している土地の底地部分を子供が買い取ったとき.md,令和7年4月1日現在法令等,ok,
4603,宅地の評価単位,財産の評価,相続財産や贈与財産の評価,財産の評価,https://www.nta.go.jp/taxes/shiraberu/taxanswer/hyoka/4603.htm,https://www.nta.go.jp/taxes/shiraberu/taxanswer/code/index.htm,財産の評価,相続財産や贈与財産の評価,data/markdown/nta_taxanswer_asset_tax/03_property_valuation/4603_宅地の評価単位.md,令和7年4月1日現在法令等,ok,
4604,路線価方式による宅地の評価,財産の評価,相続財産や贈与財産の評価,財産の評価,https://www.nta.go.jp/taxes/shiraberu/taxanswer/hyoka/4604.htm,https://www.nta.go.jp/taxes/shiraberu/taxanswer/code/index.htm,財産の評価,相続財産や贈与財産の評価,data/markdown/nta_taxanswer_asset_tax/03_property_valuation/4604_路線価方式による宅地の評価.md,令和7年4月1日現在法令等,ok,
4605,地区の異なる2以上の路線に接する宅地の評価,財産の評価,相続財産や贈与財産の評価,財産の評価,https://www.nta.go.jp/taxes/shiraberu/taxanswer/hyoka/4605.htm,https://www.nta.go.jp/taxes/shiraberu/taxanswer/code/index.htm,財産の評価,相続財産や贈与財産の評価,data/markdown/nta_taxanswer_asset_tax/03_property_valuation/4605_地区の異なる2以上の路線に接する宅地の評価.md,令和7年4月1日現在法令等,ok,
4606,倍率方式による土地の評価,財産の評価,相続財産や贈与財産の評価,財産の評価,https://www.nta.go.jp/taxes/shiraberu/taxanswer/hyoka/4606.htm,https://www.nta.go.jp/taxes/shiraberu/taxanswer/code/index.htm,財産の評価,相続財産や贈与財産の評価,data/markdown/nta_taxanswer_asset_tax/03_property_valuation/4606_倍率方式による土地の評価.md,令和7年4月1日現在法令等,ok,
4607,特定路線価の設定の申出,財産の評価,相続財産や贈与財産の評価,財産の評価,https://www.nta.go.jp/taxes/shiraberu/taxanswer/hyoka/4607.htm,https://www.nta.go.jp/taxes/shiraberu/taxanswer/code/index.htm,財産の評価,相続財産や贈与財産の評価,data/markdown/nta_taxanswer_asset_tax/03_property_valuation/4607_特定路線価の設定の申出.md,令和7年4月1日現在法令等,ok,
4609,地積規模の大きな宅地の評価,財産の評価,相続財産や贈与財産の評価,財産の評価,https://www.nta.go.jp/taxes/shiraberu/taxanswer/hyoka/4609.htm,https://www.nta.go.jp/taxes/shiraberu/taxanswer/code/index.htm,財産の評価,相続財産や贈与財産の評価,data/markdown/nta_taxanswer_asset_tax/03_property_valuation/4609_地積規模の大きな宅地の評価.md,令和7年4月1日現在法令等,ok,
4611,借地権の評価,財産の評価,相続財産や贈与財産の評価,財産の評価,https://www.nta.go.jp/taxes/shiraberu/taxanswer/hyoka/4611.htm,https://www.nta.go.jp/taxes/shiraberu/taxanswer/code/index.htm,財産の評価,相続財産や贈与財産の評価,data/markdown/nta_taxanswer_asset_tax/03_property_valuation/4611_借地権の評価.md,令和7年4月1日現在法令等,ok,
4612,一般定期借地権の目的となっている宅地の評価,財産の評価,相続財産や贈与財産の評価,財産の評価,https://www.nta.go.jp/taxes/shiraberu/taxanswer/hyoka/4612.htm,https://www.nta.go.jp/taxes/shiraberu/taxanswer/code/index.htm,財産の評価,相続財産や贈与財産の評価,data/markdown/nta_taxanswer_asset_tax/03_property_valuation/4612_一般定期借地権の目的となっている宅地の評価.md,令和7年4月1日現在法令等,ok,
4613,貸宅地の評価,財産の評価,相続財産や贈与財産の評価,財産の評価,https://www.nta.go.jp/taxes/shiraberu/taxanswer/hyoka/4613.htm,https://www.nta.go.jp/taxes/shiraberu/taxanswer/code/index.htm,財産の評価,相続財産や贈与財産の評価,data/markdown/nta_taxanswer_asset_tax/03_property_valuation/4613_貸宅地の評価.md,令和7年4月1日現在法令等,ok,
4614,貸家建付地の評価,財産の評価,相続財産や贈与財産の評価,財産の評価,https://www.nta.go.jp/taxes/shiraberu/taxanswer/hyoka/4614.htm,https://www.nta.go.jp/taxes/shiraberu/taxanswer/code/index.htm,財産の評価,相続財産や贈与財産の評価,data/markdown/nta_taxanswer_asset_tax/03_property_valuation/4614_貸家建付地の評価.md,令和7年4月1日現在法令等,ok,
4617,利用価値が著しく低下している宅地の評価,財産の評価,相続財産や贈与財産の評価,財産の評価,https://www.nta.go.jp/taxes/shiraberu/taxanswer/hyoka/4617.htm,https://www.nta.go.jp/taxes/shiraberu/taxanswer/code/index.htm,財産の評価,相続財産や贈与財産の評価,data/markdown/nta_taxanswer_asset_tax/03_property_valuation/4617_利用価値が著しく低下している宅地の評価.md,令和7年4月1日現在法令等,ok,
4620,無道路地の評価,財産の評価,相続財産や贈与財産の評価,財産の評価,https://www.nta.go.jp/taxes/shiraberu/taxanswer/hyoka/4620.htm,https://www.nta.go.jp/taxes/shiraberu/taxanswer/code/index.htm,財産の評価,相続財産や贈与財産の評価,data/markdown/nta_taxanswer_asset_tax/03_property_valuation/4620_無道路地の評価.md,令和7年4月1日現在法令等,ok,
4621,私道に沿接する宅地の評価,財産の評価,相続財産や贈与財産の評価,財産の評価,https://www.nta.go.jp/taxes/shiraberu/taxanswer/hyoka/4621.htm,https://www.nta.go.jp/taxes/shiraberu/taxanswer/code/index.htm,財産の評価,相続財産や贈与財産の評価,data/markdown/nta_taxanswer_asset_tax/03_property_valuation/4621_私道に沿接する宅地の評価.md,令和7年4月1日現在法令等,ok,
4622,私道の評価,財産の評価,相続財産や贈与財産の評価,財産の評価,https://www.nta.go.jp/taxes/shiraberu/taxanswer/hyoka/4622.htm,https://www.nta.go.jp/taxes/shiraberu/taxanswer/code/index.htm,財産の評価,相続財産や贈与財産の評価,data/markdown/nta_taxanswer_asset_tax/03_property_valuation/4622_私道の評価.md,令和7年4月1日現在法令等,ok,
4623,農地の評価,財産の評価,相続財産や贈与財産の評価,財産の評価,https://www.nta.go.jp/taxes/shiraberu/taxanswer/hyoka/4623.htm,https://www.nta.go.jp/taxes/shiraberu/taxanswer/code/index.htm,財産の評価,相続財産や贈与財産の評価,data/markdown/nta_taxanswer_asset_tax/03_property_valuation/4623_農地の評価.md,令和7年4月1日現在法令等,ok,
4626,生産緑地の評価,財産の評価,相続財産や贈与財産の評価,財産の評価,https://www.nta.go.jp/taxes/shiraberu/taxanswer/hyoka/4626.htm,https://www.nta.go.jp/taxes/shiraberu/taxanswer/code/index.htm,財産の評価,相続財産や贈与財産の評価,data/markdown/nta_taxanswer_asset_tax/03_property_valuation/4626_生産緑地の評価.md,令和7年4月1日現在法令等,ok,
4627,貸駐車場として利用している土地の評価,財産の評価,相続財産や贈与財産の評価,財産の評価,https://www.nta.go.jp/taxes/shiraberu/taxanswer/hyoka/4627.htm,https://www.nta.go.jp/taxes/shiraberu/taxanswer/code/index.htm,財産の評価,相続財産や贈与財産の評価,data/markdown/nta_taxanswer_asset_tax/03_property_valuation/4627_貸駐車場として利用している土地の評価.md,令和7年4月1日現在法令等,ok,
4628,市街化調整区域内の雑種地の評価,財産の評価,相続財産や贈与財産の評価,財産の評価,https://www.nta.go.jp/taxes/shiraberu/taxanswer/hyoka/4628.htm,https://www.nta.go.jp/taxes/shiraberu/taxanswer/code/index.htm,財産の評価,相続財産や贈与財産の評価,data/markdown/nta_taxanswer_asset_tax/03_property_valuation/4628_市街化調整区域内の雑種地の評価.md,令和7年4月1日現在法令等,ok,
4629,建築中の家屋の評価,財産の評価,相続財産や贈与財産の評価,財産の評価,https://www.nta.go.jp/taxes/shiraberu/taxanswer/hyoka/4629.htm,https://www.nta.go.jp/taxes/shiraberu/taxanswer/code/index.htm,財産の評価,相続財産や贈与財産の評価,data/markdown/nta_taxanswer_asset_tax/03_property_valuation/4629_建築中の家屋の評価.md,令和7年4月1日現在法令等,ok,
4632,上場株式の評価,財産の評価,相続財産や贈与財産の評価,財産の評価,https://www.nta.go.jp/taxes/shiraberu/taxanswer/hyoka/4632.htm,https://www.nta.go.jp/taxes/shiraberu/taxanswer/code/index.htm,財産の評価,相続財産や贈与財産の評価,data/markdown/nta_taxanswer_asset_tax/03_property_valuation/4632_上場株式の評価.md,令和7年4月1日現在法令等,ok,
4635,気配相場等のある株式の評価,財産の評価,相続財産や贈与財産の評価,財産の評価,https://www.nta.go.jp/taxes/shiraberu/taxanswer/hyoka/4635.htm,https://www.nta.go.jp/taxes/shiraberu/taxanswer/code/index.htm,財産の評価,相続財産や贈与財産の評価,data/markdown/nta_taxanswer_asset_tax/03_property_valuation/4635_気配相場等のある株式の評価.md,令和7年4月1日現在法令等,ok,
4638,取引相場のない株式の評価,財産の評価,相続財産や贈与財産の評価,財産の評価,https://www.nta.go.jp/taxes/shiraberu/taxanswer/hyoka/4638.htm,https://www.nta.go.jp/taxes/shiraberu/taxanswer/code/index.htm,財産の評価,相続財産や贈与財産の評価,data/markdown/nta_taxanswer_asset_tax/03_property_valuation/4638_取引相場のない株式の評価.md,令和7年4月1日現在法令等,ok,
4641,利付公社債・割引発行の公社債の評価,財産の評価,相続財産や贈与財産の評価,財産の評価,https://www.nta.go.jp/taxes/shiraberu/taxanswer/hyoka/4641.htm,https://www.nta.go.jp/taxes/shiraberu/taxanswer/code/index.htm,財産の評価,相続財産や贈与財産の評価,data/markdown/nta_taxanswer_asset_tax/03_property_valuation/4641_利付公社債・割引発行の公社債の評価.md,令和7年4月1日現在法令等,ok,
4644,貸付信託・証券投資信託の評価,財産の評価,相続財産や贈与財産の評価,財産の評価,https://www.nta.go.jp/taxes/shiraberu/taxanswer/hyoka/4644.htm,https://www.nta.go.jp/taxes/shiraberu/taxanswer/code/index.htm,財産の評価,相続財産や贈与財産の評価,data/markdown/nta_taxanswer_asset_tax/03_property_valuation/4644_貸付信託・証券投資信託の評価.md,令和7年4月1日現在法令等,ok,
4647,ゴルフ会員権の評価,財産の評価,相続財産や贈与財産の評価,財産の評価,https://www.nta.go.jp/taxes/shiraberu/taxanswer/hyoka/4647.htm,https://www.nta.go.jp/taxes/shiraberu/taxanswer/code/index.htm,財産の評価,相続財産や贈与財産の評価,data/markdown/nta_taxanswer_asset_tax/03_property_valuation/4647_ゴルフ会員権の評価.md,令和7年4月1日現在法令等,ok,
4660,生命保険契約に関する権利の評価,財産の評価,相続財産や贈与財産の評価,財産の評価,https://www.nta.go.jp/taxes/shiraberu/taxanswer/hyoka/4660.htm,https://www.nta.go.jp/taxes/shiraberu/taxanswer/code/index.htm,財産の評価,相続財産や贈与財産の評価,data/markdown/nta_taxanswer_asset_tax/03_property_valuation/4660_生命保険契約に関する権利の評価.md,令和7年4月1日現在法令等,ok,
4665,外貨（現金）の邦貨換算,財産の評価,相続財産や贈与財産の評価,財産の評価,https://www.nta.go.jp/taxes/shiraberu/taxanswer/hyoka/4665.htm,https://www.nta.go.jp/taxes/shiraberu/taxanswer/code/index.htm,財産の評価,相続財産や贈与財産の評価,data/markdown/nta_taxanswer_asset_tax/03_property_valuation/4665_外貨（現金）の邦貨換算.md,令和7年4月1日現在法令等,ok,
4666,配偶者居住権等の評価,財産の評価,相続財産や贈与財産の評価,財産の評価,https://www.nta.go.jp/taxes/shiraberu/taxanswer/hyoka/4666.htm,https://www.nta.go.jp/taxes/shiraberu/taxanswer/code/index.htm,財産の評価,相続財産や贈与財産の評価,data/markdown/nta_taxanswer_asset_tax/03_property_valuation/4666_配偶者居住権等の評価.md,令和7年4月1日現在法令等,ok,
4667,居住用の区分所有財産の評価,財産の評価,相続財産や贈与財産の評価,財産の評価,https://www.nta.go.jp/taxes/shiraberu/taxanswer/hyoka/4667.htm,https://www.nta.go.jp/taxes/shiraberu/taxanswer/code/index.htm,財産の評価,相続財産や贈与財産の評価,data/markdown/nta_taxanswer_asset_tax/03_property_valuation/4667_居住用の区分所有財産の評価.md,令和7年4月1日現在法令等,ok,
1440,譲渡所得(土地や建物を譲渡したとき),所得税,譲渡所得のあらまし,譲渡所得,https://www.nta.go.jp/taxes/shiraberu/taxanswer/shotoku/1440.htm,https://www.nta.go.jp/taxes/shiraberu/taxanswer/code/index.htm,譲渡所得,譲渡所得のあらまし,data/markdown/nta_taxanswer_asset_tax/04_transfer_income/1440_譲渡所得(土地や建物を譲渡したとき).md,令和7年4月1日現在法令等,ok,
1460,譲渡所得(土地、建物及び株式等以外の資産を譲渡したとき),所得税,譲渡所得のあらまし,譲渡所得,https://www.nta.go.jp/taxes/shiraberu/taxanswer/shotoku/1460.htm,https://www.nta.go.jp/taxes/shiraberu/taxanswer/code/index.htm,譲渡所得,譲渡所得のあらまし,data/markdown/nta_taxanswer_asset_tax/04_transfer_income/1460_譲渡所得(土地、建物及び株式等以外の資産を譲渡したとき).md,令和7年4月1日現在法令等,ok,
1463,株式等を譲渡したときの課税(申告分離課税),所得税,株式等を売ったとき,譲渡所得,https://www.nta.go.jp/taxes/shiraberu/taxanswer/shotoku/1463.htm,https://www.nta.go.jp/taxes/shiraberu/taxanswer/code/index.htm,譲渡所得,株式等を売ったとき,data/markdown/nta_taxanswer_asset_tax/04_transfer_income/1463_株式等を譲渡したときの課税(申告分離課税).md,令和7年4月1日現在法令等,ok,
1464,譲渡した株式等の取得費,所得税,所得税,相続・贈与関連所得税,https://www.nta.go.jp/taxes/shiraberu/taxanswer/shotoku/1464.htm,https://www.nta.go.jp/taxes/shiraberu/taxanswer/code/bunya-souzoku-zoyo.htm,所得税,,data/markdown/nta_taxanswer_asset_tax/05_related_income_tax/1464_譲渡した株式等の取得費.md,令和7年4月1日現在法令等,ok,
1465,株式等の譲渡損失(赤字)の取扱い,所得税,株式等を売ったとき,譲渡所得,https://www.nta.go.jp/taxes/shiraberu/taxanswer/shotoku/1465.htm,https://www.nta.go.jp/taxes/shiraberu/taxanswer/code/index.htm,譲渡所得,株式等を売ったとき,data/markdown/nta_taxanswer_asset_tax/04_transfer_income/1465_株式等の譲渡損失(赤字)の取扱い.md,令和7年4月1日現在法令等,ok,
1466,同一銘柄の株式等を2回以上にわたって購入している場合の取得費,所得税,株式等を売ったとき,譲渡所得,https://www.nta.go.jp/taxes/shiraberu/taxanswer/shotoku/1466.htm,https://www.nta.go.jp/taxes/shiraberu/taxanswer/code/index.htm,譲渡所得,株式等を売ったとき,data/markdown/nta_taxanswer_asset_tax/04_transfer_income/1466_同一銘柄の株式等を2回以上にわたって購入している場合の取得費.md,令和7年4月1日現在法令等,ok,
1467,贈与により非居住者に資産が移転した場合の譲渡所得等の特例（国外転出（贈与）時課税）,所得税,所得税,相続・贈与関連所得税,https://www.nta.go.jp/taxes/shiraberu/taxanswer/shotoku/1467.htm,https://www.nta.go.jp/taxes/shiraberu/taxanswer/code/bunya-souzoku-zoyo.htm,所得税,,data/markdown/nta_taxanswer_asset_tax/05_related_income_tax/1467_贈与により非居住者に資産が移転した場合の譲渡所得等の特例（国外転出（贈与）時課税）.md,令和7年4月1日現在法令等,ok,
1468,相続又は遺贈により非居住者に資産が移転した場合の譲渡所得等の特例（国外転出（相続）時課税）,所得税,所得税,相続・贈与関連所得税,https://www.nta.go.jp/taxes/shiraberu/taxanswer/shotoku/1468.htm,https://www.nta.go.jp/taxes/shiraberu/taxanswer/code/bunya-souzoku-zoyo.htm,所得税,,data/markdown/nta_taxanswer_asset_tax/05_related_income_tax/1468_相続又は遺贈により非居住者に資産が移転した場合の譲渡所得等の特例（国外転出（相続）時課税）.md,令和7年4月1日現在法令等,ok,
1474,上場株式等に係る譲渡損失の損益通算及び繰越控除,所得税,株式等を売ったとき,譲渡所得,https://www.nta.go.jp/taxes/shiraberu/taxanswer/shotoku/1474.htm,https://www.nta.go.jp/taxes/shiraberu/taxanswer/code/index.htm,譲渡所得,株式等を売ったとき,data/markdown/nta_taxanswer_asset_tax/04_transfer_income/1474_上場株式等に係る譲渡損失の損益通算及び繰越控除.md,令和7年4月1日現在法令等,ok,
1475,破産等により株式等の価値が失われたときの特例,所得税,株式等を売ったとき,譲渡所得,https://www.nta.go.jp/taxes/shiraberu/taxanswer/shotoku/1475.htm,https://www.nta.go.jp/taxes/shiraberu/taxanswer/code/index.htm,譲渡所得,株式等を売ったとき,data/markdown/nta_taxanswer_asset_tax/04_transfer_income/1475_破産等により株式等の価値が失われたときの特例.md,令和7年4月1日現在法令等,ok,
1476,特定口座制度,所得税,株式等を売ったとき,譲渡所得,https://www.nta.go.jp/taxes/shiraberu/taxanswer/shotoku/1476.htm,https://www.nta.go.jp/taxes/shiraberu/taxanswer/code/index.htm,譲渡所得,株式等を売ったとき,data/markdown/nta_taxanswer_asset_tax/04_transfer_income/1476_特定口座制度.md,令和7年4月1日現在法令等,ok,
1477,相続により取得した非上場株式をその発行会社に譲渡した場合の課税の特例,所得税,所得税,相続・贈与関連所得税,https://www.nta.go.jp/taxes/shiraberu/taxanswer/shotoku/1477.htm,https://www.nta.go.jp/taxes/shiraberu/taxanswer/code/bunya-souzoku-zoyo.htm,所得税,,data/markdown/nta_taxanswer_asset_tax/05_related_income_tax/1477_相続により取得した非上場株式をその発行会社に譲渡した場合の課税の特例.md,令和7年4月1日現在法令等,ok,
1478,国外転出をする場合の譲渡所得等の特例,所得税,株式等を売ったとき,譲渡所得,https://www.nta.go.jp/taxes/shiraberu/taxanswer/shotoku/1478.htm,https://www.nta.go.jp/taxes/shiraberu/taxanswer/code/index.htm,譲渡所得,株式等を売ったとき,data/markdown/nta_taxanswer_asset_tax/04_transfer_income/1478_国外転出をする場合の譲渡所得等の特例.md,令和7年4月1日現在法令等,ok,
1526,株式交換により株式を譲渡した場合の譲渡所得等の特例,所得税,株式等を売ったとき,譲渡所得,https://www.nta.go.jp/taxes/shiraberu/taxanswer/shotoku/1526.htm,https://www.nta.go.jp/taxes/shiraberu/taxanswer/code/index.htm,譲渡所得,株式等を売ったとき,data/markdown/nta_taxanswer_asset_tax/04_transfer_income/1526_株式交換により株式を譲渡した場合の譲渡所得等の特例.md,令和7年4月1日現在法令等,ok,
1527,株式移転により株式を譲渡した場合の譲渡所得等の特例,所得税,株式等を売ったとき,譲渡所得,https://www.nta.go.jp/taxes/shiraberu/taxanswer/shotoku/1527.htm,https://www.nta.go.jp/taxes/shiraberu/taxanswer/code/index.htm,譲渡所得,株式等を売ったとき,data/markdown/nta_taxanswer_asset_tax/04_transfer_income/1527_株式移転により株式を譲渡した場合の譲渡所得等の特例.md,令和7年4月1日現在法令等,ok,
1528,取得請求権付株式に係る請求権の行使等により有価証券を譲渡した場合の譲渡所得等の特例,所得税,株式等を売ったとき,譲渡所得,https://www.nta.go.jp/taxes/shiraberu/taxanswer/shotoku/1528.htm,https://www.nta.go.jp/taxes/shiraberu/taxanswer/code/index.htm,譲渡所得,株式等を売ったとき,data/markdown/nta_taxanswer_asset_tax/04_transfer_income/1528_取得請求権付株式に係る請求権の行使等により有価証券を譲渡した場合の譲渡所得等の特例.md,令和7年4月1日現在法令等,ok,
1529,短期所有土地の譲渡に類似する株式等の譲渡,所得税,株式等を売ったとき,譲渡所得,https://www.nta.go.jp/taxes/shiraberu/taxanswer/shotoku/1529.htm,https://www.nta.go.jp/taxes/shiraberu/taxanswer/code/index.htm,譲渡所得,株式等を売ったとき,data/markdown/nta_taxanswer_asset_tax/04_transfer_income/1529_短期所有土地の譲渡に類似する株式等の譲渡.md,令和7年4月1日現在法令等,ok,
1530,特定投資株式の取得に要した金額の控除等の特例（エンジェル税制）,所得税,株式等を売ったとき,譲渡所得,https://www.nta.go.jp/taxes/shiraberu/taxanswer/shotoku/1530.htm,https://www.nta.go.jp/taxes/shiraberu/taxanswer/code/index.htm,譲渡所得,株式等を売ったとき,data/markdown/nta_taxanswer_asset_tax/04_transfer_income/1530_特定投資株式の取得に要した金額の控除等の特例（エンジェル税制）.md,令和7年4月1日現在法令等,ok,
1531,特定投資株式が株式としての価値を失った場合の特例（エンジェル税制）,所得税,株式等を売ったとき,譲渡所得,https://www.nta.go.jp/taxes/shiraberu/taxanswer/shotoku/1531.htm,https://www.nta.go.jp/taxes/shiraberu/taxanswer/code/index.htm,譲渡所得,株式等を売ったとき,data/markdown/nta_taxanswer_asset_tax/04_transfer_income/1531_特定投資株式が株式としての価値を失った場合の特例（エンジェル税制）.md,令和7年4月1日現在法令等,ok,
1532,特定投資株式に係る譲渡損失の損益の計算の特例（エンジェル税制）,所得税,株式等を売ったとき,譲渡所得,https://www.nta.go.jp/taxes/shiraberu/taxanswer/shotoku/1532.htm,https://www.nta.go.jp/taxes/shiraberu/taxanswer/code/index.htm,譲渡所得,株式等を売ったとき,data/markdown/nta_taxanswer_asset_tax/04_transfer_income/1532_特定投資株式に係る譲渡損失の損益の計算の特例（エンジェル税制）.md,令和7年4月1日現在法令等,ok,
1533,特定投資株式に係る譲渡損失の繰越控除の特例（エンジェル税制）,所得税,株式等を売ったとき,譲渡所得,https://www.nta.go.jp/taxes/shiraberu/taxanswer/shotoku/1533.htm,https://www.nta.go.jp/taxes/shiraberu/taxanswer/code/index.htm,譲渡所得,株式等を売ったとき,data/markdown/nta_taxanswer_asset_tax/04_transfer_income/1533_特定投資株式に係る譲渡損失の繰越控除の特例（エンジェル税制）.md,令和7年4月1日現在法令等,ok,
1535,NISA制度,所得税,株式等を売ったとき,譲渡所得,https://www.nta.go.jp/taxes/shiraberu/taxanswer/shotoku/1535.htm,https://www.nta.go.jp/taxes/shiraberu/taxanswer/code/index.htm,譲渡所得,株式等を売ったとき,data/markdown/nta_taxanswer_asset_tax/04_transfer_income/1535_NISA制度.md,令和7年4月1日現在法令等,ok,
1536,株式等に係る譲渡所得等の収入金額とみなされる場合－法人の合併等、自己株式の取得等の場合－,所得税,株式等を売ったとき,譲渡所得,https://www.nta.go.jp/taxes/shiraberu/taxanswer/shotoku/1536.htm,https://www.nta.go.jp/taxes/shiraberu/taxanswer/code/index.htm,譲渡所得,株式等を売ったとき,data/markdown/nta_taxanswer_asset_tax/04_transfer_income/1536_株式等に係る譲渡所得等の収入金額とみなされる場合－法人の合併等、自己株式の取得等の場合－.md,令和7年4月1日現在法令等,ok,
1537,一般株式等に係る譲渡所得等の収入金額とみなされる場合－投資信託等の終了等の場合－,所得税,株式等を売ったとき,譲渡所得,https://www.nta.go.jp/taxes/shiraberu/taxanswer/shotoku/1537.htm,https://www.nta.go.jp/taxes/shiraberu/taxanswer/code/index.htm,譲渡所得,株式等を売ったとき,data/markdown/nta_taxanswer_asset_tax/04_transfer_income/1537_一般株式等に係る譲渡所得等の収入金額とみなされる場合－投資信託等の終了等の場合－.md,令和7年4月1日現在法令等,ok,
1538,上場株式等に係る譲渡所得等の収入金額とみなされる場合－投資信託等の終了等の場合－,所得税,株式等を売ったとき,譲渡所得,https://www.nta.go.jp/taxes/shiraberu/taxanswer/shotoku/1538.htm,https://www.nta.go.jp/taxes/shiraberu/taxanswer/code/index.htm,譲渡所得,株式等を売ったとき,data/markdown/nta_taxanswer_asset_tax/04_transfer_income/1538_上場株式等に係る譲渡所得等の収入金額とみなされる場合－投資信託等の終了等の場合－.md,令和7年4月1日現在法令等,ok,
1539,貸付信託の受益権等の譲渡による所得の非課税,所得税,株式等を売ったとき,譲渡所得,https://www.nta.go.jp/taxes/shiraberu/taxanswer/shotoku/1539.htm,https://www.nta.go.jp/taxes/shiraberu/taxanswer/code/index.htm,譲渡所得,株式等を売ったとき,data/markdown/nta_taxanswer_asset_tax/04_transfer_income/1539_貸付信託の受益権等の譲渡による所得の非課税.md,令和7年4月1日現在法令等,ok,
1540,ストック・オプション税制の適用を受けて取得した株式を譲渡した場合,所得税,株式等を売ったとき,譲渡所得,https://www.nta.go.jp/taxes/shiraberu/taxanswer/shotoku/1540.htm,https://www.nta.go.jp/taxes/shiraberu/taxanswer/code/index.htm,譲渡所得,株式等を売ったとき,data/markdown/nta_taxanswer_asset_tax/04_transfer_income/1540_ストック・オプション税制の適用を受けて取得した株式を譲渡した場合.md,令和7年4月1日現在法令等,ok,
1541,ストック・オプション税制の適用を受けて取得した株式の返還又は移転があった場合,所得税,株式等を売ったとき,譲渡所得,https://www.nta.go.jp/taxes/shiraberu/taxanswer/shotoku/1541.htm,https://www.nta.go.jp/taxes/shiraberu/taxanswer/code/index.htm,譲渡所得,株式等を売ったとき,data/markdown/nta_taxanswer_asset_tax/04_transfer_income/1541_ストック・オプション税制の適用を受けて取得した株式の返還又は移転があった場合.md,令和7年4月1日現在法令等,ok,
1542,特定従事者がストック・オプション税制の適用を受けて取得した株式を保有したまま国外転出する場合,所得税,株式等を売ったとき,譲渡所得,https://www.nta.go.jp/taxes/shiraberu/taxanswer/shotoku/1542.htm,https://www.nta.go.jp/taxes/shiraberu/taxanswer/code/index.htm,譲渡所得,株式等を売ったとき,data/markdown/nta_taxanswer_asset_tax/04_transfer_income/1542_特定従事者がストック・オプション税制の適用を受けて取得した株式を保有したまま国外転出する場合.md,令和7年4月1日現在法令等,ok,
1544,エンジェル税制の概要等,所得税,株式等を売ったとき,譲渡所得,https://www.nta.go.jp/taxes/shiraberu/taxanswer/shotoku/1544.htm,https://www.nta.go.jp/taxes/shiraberu/taxanswer/code/index.htm,譲渡所得,株式等を売ったとき,data/markdown/nta_taxanswer_asset_tax/04_transfer_income/1544_エンジェル税制の概要等.md,令和7年4月1日現在法令等,ok,
1545,株式等を対価とする株式の譲渡に係る譲渡所得等の課税の特例,所得税,株式等を売ったとき,譲渡所得,https://www.nta.go.jp/taxes/shiraberu/taxanswer/shotoku/1545.htm,https://www.nta.go.jp/taxes/shiraberu/taxanswer/code/index.htm,譲渡所得,株式等を売ったとき,data/markdown/nta_taxanswer_asset_tax/04_transfer_income/1545_株式等を対価とする株式の譲渡に係る譲渡所得等の課税の特例.md,令和7年4月1日現在法令等,ok,
1620,相続等により取得した年金受給権に係る生命保険契約等に基づく年金の課税関係,所得税,所得税,相続・贈与関連所得税,https://www.nta.go.jp/taxes/shiraberu/taxanswer/shotoku/1620.htm,https://www.nta.go.jp/taxes/shiraberu/taxanswer/code/bunya-souzoku-zoyo.htm,所得税,,data/markdown/nta_taxanswer_asset_tax/05_related_income_tax/1620_相続等により取得した年金受給権に係る生命保険契約等に基づく年金の課税関係.md,令和7年4月1日現在法令等,ok,
1750,死亡保険金を受け取ったとき,所得税,所得税,相続・贈与関連所得税,https://www.nta.go.jp/taxes/shiraberu/taxanswer/shotoku/1750.htm,https://www.nta.go.jp/taxes/shiraberu/taxanswer/code/bunya-souzoku-zoyo.htm,所得税,,data/markdown/nta_taxanswer_asset_tax/05_related_income_tax/1750_死亡保険金を受け取ったとき.md,令和7年4月1日現在法令等,ok,
1755,生命保険契約に係る満期保険金等を受け取ったとき,所得税,所得税,相続・贈与関連所得税,https://www.nta.go.jp/taxes/shiraberu/taxanswer/shotoku/1755.htm,https://www.nta.go.jp/taxes/shiraberu/taxanswer/code/bunya-souzoku-zoyo.htm,所得税,,data/markdown/nta_taxanswer_asset_tax/05_related_income_tax/1755_生命保険契約に係る満期保険金等を受け取ったとき.md,令和7年4月1日現在法令等,ok,
1936,海外勤務中に株式を譲渡した場合,所得税,株式等を売ったとき,譲渡所得,https://www.nta.go.jp/taxes/shiraberu/taxanswer/shotoku/1936.htm,https://www.nta.go.jp/taxes/shiraberu/taxanswer/code/index.htm,譲渡所得,株式等を売ったとき,data/markdown/nta_taxanswer_asset_tax/04_transfer_income/1936_海外勤務中に株式を譲渡した場合.md,令和7年4月1日現在法令等,ok,
1937,居住者が海外で株式等を売却した場合の課税関係等,所得税,海外で株式等を売ったとき,譲渡所得,https://www.nta.go.jp/taxes/shiraberu/taxanswer/shotoku/1937.htm,https://www.nta.go.jp/taxes/shiraberu/taxanswer/code/index.htm,譲渡所得,海外で株式等を売ったとき,data/markdown/nta_taxanswer_asset_tax/04_transfer_income/1937_居住者が海外で株式等を売却した場合の課税関係等.md,令和7年4月1日現在法令等,ok,
3102,譲渡所得の申告期限,所得税,譲渡所得のあらまし,譲渡所得,https://www.nta.go.jp/taxes/shiraberu/taxanswer/joto/3102.htm,https://www.nta.go.jp/taxes/shiraberu/taxanswer/code/index.htm,譲渡所得,譲渡所得のあらまし,data/markdown/nta_taxanswer_asset_tax/04_transfer_income/3102_譲渡所得の申告期限.md,令和7年4月1日現在法令等,ok,
3105,譲渡所得の対象となる資産と課税方法,所得税,所得税,相続・贈与関連所得税,https://www.nta.go.jp/taxes/shiraberu/taxanswer/joto/3105.htm,https://www.nta.go.jp/taxes/shiraberu/taxanswer/code/bunya-souzoku-zoyo.htm,所得税,,data/markdown/nta_taxanswer_asset_tax/05_related_income_tax/3105_譲渡所得の対象となる資産と課税方法.md,令和7年4月1日現在法令等,ok,
3108,国や地方公共団体又は公益を目的とする事業を行う法人に財産を寄附したとき,所得税,譲渡所得のあらまし,譲渡所得,https://www.nta.go.jp/taxes/shiraberu/taxanswer/joto/3108.htm,https://www.nta.go.jp/taxes/shiraberu/taxanswer/code/index.htm,譲渡所得,譲渡所得のあらまし,data/markdown/nta_taxanswer_asset_tax/04_transfer_income/3108_国や地方公共団体又は公益を目的とする事業を行う法人に財産を寄附したとき.md,令和7年4月1日現在法令等,ok,
3111,土地を貸し付けて権利金などをもらったとき,所得税,譲渡所得のあらまし,譲渡所得,https://www.nta.go.jp/taxes/shiraberu/taxanswer/joto/3111.htm,https://www.nta.go.jp/taxes/shiraberu/taxanswer/code/index.htm,譲渡所得,譲渡所得のあらまし,data/markdown/nta_taxanswer_asset_tax/04_transfer_income/3111_土地を貸し付けて権利金などをもらったとき.md,令和7年4月1日現在法令等,ok,
3114,離婚して土地建物などを渡したとき,所得税,譲渡所得のあらまし,譲渡所得,https://www.nta.go.jp/taxes/shiraberu/taxanswer/joto/3114.htm,https://www.nta.go.jp/taxes/shiraberu/taxanswer/code/index.htm,譲渡所得,譲渡所得のあらまし,data/markdown/nta_taxanswer_asset_tax/04_transfer_income/3114_離婚して土地建物などを渡したとき.md,令和7年4月1日現在法令等,ok,
3117,不動産を法人に現物出資したとき,所得税,譲渡所得のあらまし,譲渡所得,https://www.nta.go.jp/taxes/shiraberu/taxanswer/joto/3117.htm,https://www.nta.go.jp/taxes/shiraberu/taxanswer/code/index.htm,譲渡所得,譲渡所得のあらまし,data/markdown/nta_taxanswer_asset_tax/04_transfer_income/3117_不動産を法人に現物出資したとき.md,令和7年4月1日現在法令等,ok,
3120,譲渡担保により資産を移転したとき,所得税,譲渡所得のあらまし,譲渡所得,https://www.nta.go.jp/taxes/shiraberu/taxanswer/joto/3120.htm,https://www.nta.go.jp/taxes/shiraberu/taxanswer/code/index.htm,譲渡所得,譲渡所得のあらまし,data/markdown/nta_taxanswer_asset_tax/04_transfer_income/3120_譲渡担保により資産を移転したとき.md,令和7年4月1日現在法令等,ok,
3152,譲渡所得の計算のしかた(総合課税),所得税,土地建物以外の資産を売ったとき,譲渡所得,https://www.nta.go.jp/taxes/shiraberu/taxanswer/joto/3152.htm,https://www.nta.go.jp/taxes/shiraberu/taxanswer/code/index.htm,譲渡所得,土地建物以外の資産を売ったとき,data/markdown/nta_taxanswer_asset_tax/04_transfer_income/3152_譲渡所得の計算のしかた(総合課税).md,令和7年4月1日現在法令等,ok,
3155,借家人が立退料をもらったとき,所得税,土地建物以外の資産を売ったとき,譲渡所得,https://www.nta.go.jp/taxes/shiraberu/taxanswer/joto/3155.htm,https://www.nta.go.jp/taxes/shiraberu/taxanswer/code/index.htm,譲渡所得,土地建物以外の資産を売ったとき,data/markdown/nta_taxanswer_asset_tax/04_transfer_income/3155_借家人が立退料をもらったとき.md,令和7年4月1日現在法令等,ok,
3158,ゴルフ会員権の譲渡による所得,所得税,土地建物以外の資産を売ったとき,譲渡所得,https://www.nta.go.jp/taxes/shiraberu/taxanswer/joto/3158.htm,https://www.nta.go.jp/taxes/shiraberu/taxanswer/code/index.htm,譲渡所得,土地建物以外の資産を売ったとき,data/markdown/nta_taxanswer_asset_tax/04_transfer_income/3158_ゴルフ会員権の譲渡による所得.md,令和7年4月1日現在法令等,ok,
3161,金地金の譲渡による所得,所得税,土地建物以外の資産を売ったとき,譲渡所得,https://www.nta.go.jp/taxes/shiraberu/taxanswer/joto/3161.htm,https://www.nta.go.jp/taxes/shiraberu/taxanswer/code/index.htm,譲渡所得,土地建物以外の資産を売ったとき,data/markdown/nta_taxanswer_asset_tax/04_transfer_income/3161_金地金の譲渡による所得.md,令和7年4月1日現在法令等,ok,
3202,譲渡所得の計算のしかた(分離課税),所得税,土地建物を売ったとき,譲渡所得,https://www.nta.go.jp/taxes/shiraberu/taxanswer/joto/3202.htm,https://www.nta.go.jp/taxes/shiraberu/taxanswer/code/index.htm,譲渡所得,土地建物を売ったとき,data/markdown/nta_taxanswer_asset_tax/04_transfer_income/3202_譲渡所得の計算のしかた(分離課税).md,令和7年4月1日現在法令等,ok,
3203,不動産を譲渡して譲渡損失が生じた場合,所得税,土地建物を売ったとき,譲渡所得,https://www.nta.go.jp/taxes/shiraberu/taxanswer/joto/3203.htm,https://www.nta.go.jp/taxes/shiraberu/taxanswer/code/index.htm,譲渡所得,土地建物を売ったとき,data/markdown/nta_taxanswer_asset_tax/04_transfer_income/3203_不動産を譲渡して譲渡損失が生じた場合.md,令和7年4月1日現在法令等,ok,
3208,長期譲渡所得の税額の計算,所得税,土地建物を売ったとき,譲渡所得,https://www.nta.go.jp/taxes/shiraberu/taxanswer/joto/3208.htm,https://www.nta.go.jp/taxes/shiraberu/taxanswer/code/index.htm,譲渡所得,土地建物を売ったとき,data/markdown/nta_taxanswer_asset_tax/04_transfer_income/3208_長期譲渡所得の税額の計算.md,令和7年4月1日現在法令等,ok,
3211,短期譲渡所得の税額の計算,所得税,土地建物を売ったとき,譲渡所得,https://www.nta.go.jp/taxes/shiraberu/taxanswer/joto/3211.htm,https://www.nta.go.jp/taxes/shiraberu/taxanswer/code/index.htm,譲渡所得,土地建物を売ったとき,data/markdown/nta_taxanswer_asset_tax/04_transfer_income/3211_短期譲渡所得の税額の計算.md,令和7年4月1日現在法令等,ok,
3214,土地建物を売ったときの収入金額に含める金額,所得税,所得税,相続・贈与関連所得税,https://www.nta.go.jp/taxes/shiraberu/taxanswer/joto/3214.htm,https://www.nta.go.jp/taxes/shiraberu/taxanswer/code/bunya-souzoku-zoyo.htm,所得税,,data/markdown/nta_taxanswer_asset_tax/05_related_income_tax/3214_土地建物を売ったときの収入金額に含める金額.md,令和7年4月1日現在法令等,ok,
3217,時価より低い価額で売ったとき,所得税,土地建物を売ったとき,譲渡所得,https://www.nta.go.jp/taxes/shiraberu/taxanswer/joto/3217.htm,https://www.nta.go.jp/taxes/shiraberu/taxanswer/code/index.htm,譲渡所得,土地建物を売ったとき,data/markdown/nta_taxanswer_asset_tax/04_transfer_income/3217_時価より低い価額で売ったとき.md,令和7年4月1日現在法令等,ok,
3220,保証債務を履行するために土地建物などを売ったとき,所得税,土地建物を売ったとき,譲渡所得,https://www.nta.go.jp/taxes/shiraberu/taxanswer/joto/3220.htm,https://www.nta.go.jp/taxes/shiraberu/taxanswer/code/index.htm,譲渡所得,土地建物を売ったとき,data/markdown/nta_taxanswer_asset_tax/04_transfer_income/3220_保証債務を履行するために土地建物などを売ったとき.md,令和7年4月1日現在法令等,ok,
3223,譲渡所得の特別控除の種類,所得税,土地建物を売ったとき,譲渡所得,https://www.nta.go.jp/taxes/shiraberu/taxanswer/joto/3223.htm,https://www.nta.go.jp/taxes/shiraberu/taxanswer/code/index.htm,譲渡所得,土地建物を売ったとき,data/markdown/nta_taxanswer_asset_tax/04_transfer_income/3223_譲渡所得の特別控除の種類.md,令和7年4月1日現在法令等,ok,
3225,"平成21年及び平成22年に取得した土地等を譲渡したときの1,000万円の特別控除",所得税,土地建物を売ったとき,譲渡所得,https://www.nta.go.jp/taxes/shiraberu/taxanswer/joto/3225.htm,https://www.nta.go.jp/taxes/shiraberu/taxanswer/code/index.htm,譲渡所得,土地建物を売ったとき,"data/markdown/nta_taxanswer_asset_tax/04_transfer_income/3225_平成21年及び平成22年に取得した土地等を譲渡したときの1,000万円の特別控除.md",令和7年4月1日現在法令等,ok,
3226,低未利用土地等を譲渡した場合の長期譲渡所得の特別控除,所得税,土地建物を売ったとき,譲渡所得,https://www.nta.go.jp/taxes/shiraberu/taxanswer/joto/3226.htm,https://www.nta.go.jp/taxes/shiraberu/taxanswer/code/index.htm,譲渡所得,土地建物を売ったとき,data/markdown/nta_taxanswer_asset_tax/04_transfer_income/3226_低未利用土地等を譲渡した場合の長期譲渡所得の特別控除.md,令和7年4月1日現在法令等,ok,
3240,個人が事業用建物等を譲渡した場合の消費税,所得税,土地建物を売ったとき,譲渡所得,https://www.nta.go.jp/taxes/shiraberu/taxanswer/joto/3240.htm,https://www.nta.go.jp/taxes/shiraberu/taxanswer/code/index.htm,譲渡所得,土地建物を売ったとき,data/markdown/nta_taxanswer_asset_tax/04_transfer_income/3240_個人が事業用建物等を譲渡した場合の消費税.md,令和7年4月1日現在法令等,ok,
3252,取得費となるもの,所得税,土地建物の取得費と譲渡費用,譲渡所得,https://www.nta.go.jp/taxes/shiraberu/taxanswer/joto/3252.htm,https://www.nta.go.jp/taxes/shiraberu/taxanswer/code/index.htm,譲渡所得,土地建物の取得費と譲渡費用,data/markdown/nta_taxanswer_asset_tax/04_transfer_income/3252_取得費となるもの.md,令和7年4月1日現在法令等,ok,
3255,譲渡費用となるもの,所得税,土地建物の取得費と譲渡費用,譲渡所得,https://www.nta.go.jp/taxes/shiraberu/taxanswer/joto/3255.htm,https://www.nta.go.jp/taxes/shiraberu/taxanswer/code/index.htm,譲渡所得,土地建物の取得費と譲渡費用,data/markdown/nta_taxanswer_asset_tax/04_transfer_income/3255_譲渡費用となるもの.md,令和7年4月1日現在法令等,ok,
3258,取得費が分からないとき,所得税,土地建物の取得費と譲渡費用,譲渡所得,https://www.nta.go.jp/taxes/shiraberu/taxanswer/joto/3258.htm,https://www.nta.go.jp/taxes/shiraberu/taxanswer/code/index.htm,譲渡所得,土地建物の取得費と譲渡費用,data/markdown/nta_taxanswer_asset_tax/04_transfer_income/3258_取得費が分からないとき.md,令和7年4月1日現在法令等,ok,
3261,建物の取得費の計算,所得税,土地建物の取得費と譲渡費用,譲渡所得,https://www.nta.go.jp/taxes/shiraberu/taxanswer/joto/3261.htm,https://www.nta.go.jp/taxes/shiraberu/taxanswer/code/index.htm,譲渡所得,土地建物の取得費と譲渡費用,data/markdown/nta_taxanswer_asset_tax/04_transfer_income/3261_建物の取得費の計算.md,令和7年4月1日現在法令等,ok,
3264,借入金の利子が取得費になるとき,所得税,土地建物の取得費と譲渡費用,譲渡所得,https://www.nta.go.jp/taxes/shiraberu/taxanswer/joto/3264.htm,https://www.nta.go.jp/taxes/shiraberu/taxanswer/code/index.htm,譲渡所得,土地建物の取得費と譲渡費用,data/markdown/nta_taxanswer_asset_tax/04_transfer_income/3264_借入金の利子が取得費になるとき.md,令和7年4月1日現在法令等,ok,
3267,相続財産を譲渡した場合の取得費の特例,所得税,所得税,相続・贈与関連所得税,https://www.nta.go.jp/taxes/shiraberu/taxanswer/joto/3267.htm,https://www.nta.go.jp/taxes/shiraberu/taxanswer/code/bunya-souzoku-zoyo.htm,所得税,,data/markdown/nta_taxanswer_asset_tax/05_related_income_tax/3267_相続財産を譲渡した場合の取得費の特例.md,令和7年4月1日現在法令等,ok,
3270,相続や贈与によって取得した土地・建物の取得費と取得の時期,所得税,所得税,相続・贈与関連所得税,https://www.nta.go.jp/taxes/shiraberu/taxanswer/joto/3270.htm,https://www.nta.go.jp/taxes/shiraberu/taxanswer/code/bunya-souzoku-zoyo.htm,所得税,,data/markdown/nta_taxanswer_asset_tax/05_related_income_tax/3270_相続や贈与によって取得した土地・建物の取得費と取得の時期.md,令和7年4月1日現在法令等,ok,
3273,買換えなどで取得した資産の取得費と取得の時期,所得税,土地建物の取得費と譲渡費用,譲渡所得,https://www.nta.go.jp/taxes/shiraberu/taxanswer/joto/3273.htm,https://www.nta.go.jp/taxes/shiraberu/taxanswer/code/index.htm,譲渡所得,土地建物の取得費と譲渡費用,data/markdown/nta_taxanswer_asset_tax/04_transfer_income/3273_買換えなどで取得した資産の取得費と取得の時期.md,令和7年4月1日現在法令等,ok,
3302,マイホームを売ったときの特例,所得税,マイホームを売ったとき,譲渡所得,https://www.nta.go.jp/taxes/shiraberu/taxanswer/joto/3302.htm,https://www.nta.go.jp/taxes/shiraberu/taxanswer/code/index.htm,譲渡所得,マイホームを売ったとき,data/markdown/nta_taxanswer_asset_tax/04_transfer_income/3302_マイホームを売ったときの特例.md,令和7年4月1日現在法令等,ok,
3305,マイホームを売ったときの軽減税率の特例,所得税,マイホームを売ったとき,譲渡所得,https://www.nta.go.jp/taxes/shiraberu/taxanswer/joto/3305.htm,https://www.nta.go.jp/taxes/shiraberu/taxanswer/code/index.htm,譲渡所得,マイホームを売ったとき,data/markdown/nta_taxanswer_asset_tax/04_transfer_income/3305_マイホームを売ったときの軽減税率の特例.md,令和7年4月1日現在法令等,ok,
3306,被相続人の居住用財産（空き家）を売ったときの特例,所得税,所得税,相続・贈与関連所得税,https://www.nta.go.jp/taxes/shiraberu/taxanswer/joto/3306.htm,https://www.nta.go.jp/taxes/shiraberu/taxanswer/code/bunya-souzoku-zoyo.htm,所得税,,data/markdown/nta_taxanswer_asset_tax/05_related_income_tax/3306_被相続人の居住用財産（空き家）を売ったときの特例.md,令和7年4月1日現在法令等,ok,
3307,被相続人が老人ホーム等に入所していた場合の被相続人居住用家屋,所得税,所得税,相続・贈与関連所得税,https://www.nta.go.jp/taxes/shiraberu/taxanswer/joto/3307.htm,https://www.nta.go.jp/taxes/shiraberu/taxanswer/code/bunya-souzoku-zoyo.htm,所得税,,data/markdown/nta_taxanswer_asset_tax/05_related_income_tax/3307_被相続人が老人ホーム等に入所していた場合の被相続人居住用家屋.md,令和7年4月1日現在法令等,ok,
3308,共有のマイホームを売ったとき,所得税,マイホームを売ったとき,譲渡所得,https://www.nta.go.jp/taxes/shiraberu/taxanswer/joto/3308.htm,https://www.nta.go.jp/taxes/shiraberu/taxanswer/code/index.htm,譲渡所得,マイホームを売ったとき,data/markdown/nta_taxanswer_asset_tax/04_transfer_income/3308_共有のマイホームを売ったとき.md,令和7年4月1日現在法令等,ok,
3311,家屋と敷地の所有者が異なるとき,所得税,マイホームを売ったとき,譲渡所得,https://www.nta.go.jp/taxes/shiraberu/taxanswer/joto/3311.htm,https://www.nta.go.jp/taxes/shiraberu/taxanswer/code/index.htm,譲渡所得,マイホームを売ったとき,data/markdown/nta_taxanswer_asset_tax/04_transfer_income/3311_家屋と敷地の所有者が異なるとき.md,令和7年4月1日現在法令等,ok,
3314,過去に居住していたマイホームを売ったとき,所得税,マイホームを売ったとき,譲渡所得,https://www.nta.go.jp/taxes/shiraberu/taxanswer/joto/3314.htm,https://www.nta.go.jp/taxes/shiraberu/taxanswer/code/index.htm,譲渡所得,マイホームを売ったとき,data/markdown/nta_taxanswer_asset_tax/04_transfer_income/3314_過去に居住していたマイホームを売ったとき.md,令和7年4月1日現在法令等,ok,
3317,配偶者等だけが住んでいるマイホームを売ったとき,所得税,マイホームを売ったとき,譲渡所得,https://www.nta.go.jp/taxes/shiraberu/taxanswer/joto/3317.htm,https://www.nta.go.jp/taxes/shiraberu/taxanswer/code/index.htm,譲渡所得,マイホームを売ったとき,data/markdown/nta_taxanswer_asset_tax/04_transfer_income/3317_配偶者等だけが住んでいるマイホームを売ったとき.md,令和7年4月1日現在法令等,ok,
3320,マイホームを取り壊した後に敷地を売ったとき,所得税,マイホームを売ったとき,譲渡所得,https://www.nta.go.jp/taxes/shiraberu/taxanswer/joto/3320.htm,https://www.nta.go.jp/taxes/shiraberu/taxanswer/code/index.htm,譲渡所得,マイホームを売ったとき,data/markdown/nta_taxanswer_asset_tax/04_transfer_income/3320_マイホームを取り壊した後に敷地を売ったとき.md,令和7年4月1日現在法令等,ok,
3355,特定のマイホームを買い換えたときの特例,所得税,マイホームを買い換えたとき,譲渡所得,https://www.nta.go.jp/taxes/shiraberu/taxanswer/joto/3355.htm,https://www.nta.go.jp/taxes/shiraberu/taxanswer/code/index.htm,譲渡所得,マイホームを買い換えたとき,data/markdown/nta_taxanswer_asset_tax/04_transfer_income/3355_特定のマイホームを買い換えたときの特例.md,令和7年4月1日現在法令等,ok,
3358,売った金額より少ない金額でマイホームを買い換えたとき,所得税,マイホームを買い換えたとき,譲渡所得,https://www.nta.go.jp/taxes/shiraberu/taxanswer/joto/3358.htm,https://www.nta.go.jp/taxes/shiraberu/taxanswer/code/index.htm,譲渡所得,マイホームを買い換えたとき,data/markdown/nta_taxanswer_asset_tax/04_transfer_income/3358_売った金額より少ない金額でマイホームを買い換えたとき.md,令和7年4月1日現在法令等,ok,
3361,譲渡した年に買換えができなかったとき（マイホーム）,所得税,マイホームを買い換えたとき,譲渡所得,https://www.nta.go.jp/taxes/shiraberu/taxanswer/joto/3361.htm,https://www.nta.go.jp/taxes/shiraberu/taxanswer/code/index.htm,譲渡所得,マイホームを買い換えたとき,data/markdown/nta_taxanswer_asset_tax/04_transfer_income/3361_譲渡した年に買換えができなかったとき（マイホーム）.md,令和7年4月1日現在法令等,ok,
3362,居住用財産の買換えの特例を受けて買い換えた資産の取得価額とされる金額の計算,所得税,マイホームを買い換えたとき,譲渡所得,https://www.nta.go.jp/taxes/shiraberu/taxanswer/joto/3362.htm,https://www.nta.go.jp/taxes/shiraberu/taxanswer/code/index.htm,譲渡所得,マイホームを買い換えたとき,data/markdown/nta_taxanswer_asset_tax/04_transfer_income/3362_居住用財産の買換えの特例を受けて買い換えた資産の取得価額とされる金額の計算.md,令和7年4月1日現在法令等,ok,
3370,マイホームを買い換えた場合に譲渡損失が生じたとき(マイホームを買い換えた場合の譲渡損失の損益通算及び繰越控除の特例),所得税,マイホームを買い換えたとき,譲渡所得,https://www.nta.go.jp/taxes/shiraberu/taxanswer/joto/3370.htm,https://www.nta.go.jp/taxes/shiraberu/taxanswer/code/index.htm,譲渡所得,マイホームを買い換えたとき,data/markdown/nta_taxanswer_asset_tax/04_transfer_income/3370_マイホームを買い換えた場合に譲渡損失が生じたとき(マイホームを買い換えた場合の譲渡損失の損益通算及び繰越控除の特例).md,令和7年4月1日現在法令等,ok,
3375,「マイホームを買い換えた場合の譲渡損失の損益通算及び繰越控除の特例」の対象となる「譲渡資産」及び「買換資産」とは,所得税,マイホームを買い換えたとき,譲渡所得,https://www.nta.go.jp/taxes/shiraberu/taxanswer/joto/3375.htm,https://www.nta.go.jp/taxes/shiraberu/taxanswer/code/index.htm,譲渡所得,マイホームを買い換えたとき,data/markdown/nta_taxanswer_asset_tax/04_transfer_income/3375_「マイホームを買い換えた場合の譲渡損失の損益通算及び繰越控除の特例」の対象となる「譲渡資産」及び「買換資産」とは.md,令和7年4月1日現在法令等,ok,
3376,「マイホームを買い換えた場合の譲渡損失の損益通算及び繰越控除の特例」の対象となる「特定譲渡」とは,所得税,マイホームを買い換えたとき,譲渡所得,https://www.nta.go.jp/taxes/shiraberu/taxanswer/joto/3376.htm,https://www.nta.go.jp/taxes/shiraberu/taxanswer/code/index.htm,譲渡所得,マイホームを買い換えたとき,data/markdown/nta_taxanswer_asset_tax/04_transfer_income/3376_「マイホームを買い換えた場合の譲渡損失の損益通算及び繰越控除の特例」の対象となる「特定譲渡」とは.md,令和7年4月1日現在法令等,ok,
3377,「マイホームを買い換えた場合の譲渡損失の損益通算及び繰越控除の特例」の対象となる住宅ローン,所得税,マイホームを買い換えたとき,譲渡所得,https://www.nta.go.jp/taxes/shiraberu/taxanswer/joto/3377.htm,https://www.nta.go.jp/taxes/shiraberu/taxanswer/code/index.htm,譲渡所得,マイホームを買い換えたとき,data/markdown/nta_taxanswer_asset_tax/04_transfer_income/3377_「マイホームを買い換えた場合の譲渡損失の損益通算及び繰越控除の特例」の対象となる住宅ローン.md,令和7年4月1日現在法令等,ok,
3379,「マイホームを買い換えた場合の譲渡損失の損益通算及び繰越控除の特例」を受けるための申告手続と添付書類等,所得税,マイホームを買い換えたとき,譲渡所得,https://www.nta.go.jp/taxes/shiraberu/taxanswer/joto/3379.htm,https://www.nta.go.jp/taxes/shiraberu/taxanswer/code/index.htm,譲渡所得,マイホームを買い換えたとき,data/markdown/nta_taxanswer_asset_tax/04_transfer_income/3379_「マイホームを買い換えた場合の譲渡損失の損益通算及び繰越控除の特例」を受けるための申告手続と添付書類等.md,令和7年4月1日現在法令等,ok,
3382,マイホームを買い換えた場合の譲渡損失の損益通算及び繰越控除の順序,所得税,マイホームを買い換えたとき,譲渡所得,https://www.nta.go.jp/taxes/shiraberu/taxanswer/shotoku/3382.htm,https://www.nta.go.jp/taxes/shiraberu/taxanswer/code/index.htm,譲渡所得,マイホームを買い換えたとき,data/markdown/nta_taxanswer_asset_tax/04_transfer_income/3382_マイホームを買い換えた場合の譲渡損失の損益通算及び繰越控除の順序.md,令和7年4月1日現在法令等,ok,
3383,マイホームを買い換えた場合の譲渡損失の損益通算及び繰越控除を適用した後の修正申告,所得税,マイホームを買い換えたとき,譲渡所得,https://www.nta.go.jp/taxes/shiraberu/taxanswer/joto/3383.htm,https://www.nta.go.jp/taxes/shiraberu/taxanswer/code/index.htm,譲渡所得,マイホームを買い換えたとき,data/markdown/nta_taxanswer_asset_tax/04_transfer_income/3383_マイホームを買い換えた場合の譲渡損失の損益通算及び繰越控除を適用した後の修正申告.md,令和7年4月1日現在法令等,ok,
3390,住宅ローンが残っているマイホームを売却して譲渡損失が生じたとき（特定のマイホームの譲渡損失の損益通算及び繰越控除の特例）,所得税,マイホームを売ったとき,譲渡所得,https://www.nta.go.jp/taxes/shiraberu/taxanswer/joto/3390.htm,https://www.nta.go.jp/taxes/shiraberu/taxanswer/code/index.htm,譲渡所得,マイホームを売ったとき,data/markdown/nta_taxanswer_asset_tax/04_transfer_income/3390_住宅ローンが残っているマイホームを売却して譲渡損失が生じたとき（特定のマイホームの譲渡損失の損益通算及び繰越控除の特例）.md,令和7年4月1日現在法令等,ok,
3392,「特定のマイホームの譲渡損失の損益通算及び繰越控除の特例」の対象となる「譲渡資産」及び「特定譲渡」とは,所得税,マイホームを売ったとき,譲渡所得,https://www.nta.go.jp/taxes/shiraberu/taxanswer/joto/3392.htm,https://www.nta.go.jp/taxes/shiraberu/taxanswer/code/index.htm,譲渡所得,マイホームを売ったとき,data/markdown/nta_taxanswer_asset_tax/04_transfer_income/3392_「特定のマイホームの譲渡損失の損益通算及び繰越控除の特例」の対象となる「譲渡資産」及び「特定譲渡」とは.md,令和7年4月1日現在法令等,ok,
3393,「特定のマイホームの譲渡損失の損益通算及び繰越控除の特例」を受けるための申告手続と添付書類,所得税,マイホームを売ったとき,譲渡所得,https://www.nta.go.jp/taxes/shiraberu/taxanswer/joto/3393.htm,https://www.nta.go.jp/taxes/shiraberu/taxanswer/code/index.htm,譲渡所得,マイホームを売ったとき,data/markdown/nta_taxanswer_asset_tax/04_transfer_income/3393_「特定のマイホームの譲渡損失の損益通算及び繰越控除の特例」を受けるための申告手続と添付書類.md,令和7年4月1日現在法令等,ok,
3402,事業用の資産の範囲,所得税,事業用の資産を買い換えたとき,譲渡所得,https://www.nta.go.jp/taxes/shiraberu/taxanswer/joto/3402.htm,https://www.nta.go.jp/taxes/shiraberu/taxanswer/code/index.htm,譲渡所得,事業用の資産を買い換えたとき,data/markdown/nta_taxanswer_asset_tax/04_transfer_income/3402_事業用の資産の範囲.md,令和7年4月1日現在法令等,ok,
3405,事業用の資産を買い換えたときの特例,所得税,事業用の資産を買い換えたとき,譲渡所得,https://www.nta.go.jp/taxes/shiraberu/taxanswer/joto/3405.htm,https://www.nta.go.jp/taxes/shiraberu/taxanswer/code/index.htm,譲渡所得,事業用の資産を買い換えたとき,data/markdown/nta_taxanswer_asset_tax/04_transfer_income/3405_事業用の資産を買い換えたときの特例.md,令和7年4月1日現在法令等,ok,
3411,親族の事業の用に使わせている資産を買い換えたとき,所得税,事業用の資産を買い換えたとき,譲渡所得,https://www.nta.go.jp/taxes/shiraberu/taxanswer/joto/3411.htm,https://www.nta.go.jp/taxes/shiraberu/taxanswer/code/index.htm,譲渡所得,事業用の資産を買い換えたとき,data/markdown/nta_taxanswer_asset_tax/04_transfer_income/3411_親族の事業の用に使わせている資産を買い換えたとき.md,令和7年4月1日現在法令等,ok,
3414,売った金額より少ない金額で事業用の資産を買い換えたとき,所得税,事業用の資産を買い換えたとき,譲渡所得,https://www.nta.go.jp/taxes/shiraberu/taxanswer/joto/3414.htm,https://www.nta.go.jp/taxes/shiraberu/taxanswer/code/index.htm,譲渡所得,事業用の資産を買い換えたとき,data/markdown/nta_taxanswer_asset_tax/04_transfer_income/3414_売った金額より少ない金額で事業用の資産を買い換えたとき.md,令和7年4月1日現在法令等,ok,
3417,売った金額以上の金額で事業用の資産を買い換えたとき,所得税,事業用の資産を買い換えたとき,譲渡所得,https://www.nta.go.jp/taxes/shiraberu/taxanswer/joto/3417.htm,https://www.nta.go.jp/taxes/shiraberu/taxanswer/code/index.htm,譲渡所得,事業用の資産を買い換えたとき,data/markdown/nta_taxanswer_asset_tax/04_transfer_income/3417_売った金額以上の金額で事業用の資産を買い換えたとき.md,令和7年4月1日現在法令等,ok,
3420,譲渡した年に買換えができなかったとき,所得税,事業用の資産を買い換えたとき,譲渡所得,https://www.nta.go.jp/taxes/shiraberu/taxanswer/joto/3420.htm,https://www.nta.go.jp/taxes/shiraberu/taxanswer/code/index.htm,譲渡所得,事業用の資産を買い換えたとき,data/markdown/nta_taxanswer_asset_tax/04_transfer_income/3420_譲渡した年に買換えができなかったとき.md,令和7年4月1日現在法令等,ok,
3423,期限までに買換資産を買えなかったとき（事業用資産）,所得税,事業用の資産を買い換えたとき,譲渡所得,https://www.nta.go.jp/taxes/shiraberu/taxanswer/joto/3423.htm,https://www.nta.go.jp/taxes/shiraberu/taxanswer/code/index.htm,譲渡所得,事業用の資産を買い換えたとき,data/markdown/nta_taxanswer_asset_tax/04_transfer_income/3423_期限までに買換資産を買えなかったとき（事業用資産）.md,令和7年4月1日現在法令等,ok,
3426,事業用資産の買換えの特例を受けて買い換えた資産の取得価額とされる金額の計算,所得税,事業用の資産を買い換えたとき,譲渡所得,https://www.nta.go.jp/taxes/shiraberu/taxanswer/joto/3426.htm,https://www.nta.go.jp/taxes/shiraberu/taxanswer/code/index.htm,譲渡所得,事業用の資産を買い換えたとき,data/markdown/nta_taxanswer_asset_tax/04_transfer_income/3426_事業用資産の買換えの特例を受けて買い換えた資産の取得価額とされる金額の計算.md,令和7年4月1日現在法令等,ok,
3429,既成市街地等の範囲,所得税,事業用の資産を買い換えたとき,譲渡所得,https://www.nta.go.jp/taxes/shiraberu/taxanswer/hojin/3429.htm,https://www.nta.go.jp/taxes/shiraberu/taxanswer/code/index.htm,譲渡所得,事業用の資産を買い換えたとき,data/markdown/nta_taxanswer_asset_tax/04_transfer_income/3429_既成市街地等の範囲.md,令和7年4月1日現在法令等,ok,
3452,店舗併用住宅を売ったときの特例,所得税,店舗併用住宅を売ったとき、買い換えたとき,譲渡所得,https://www.nta.go.jp/taxes/shiraberu/taxanswer/joto/3452.htm,https://www.nta.go.jp/taxes/shiraberu/taxanswer/code/index.htm,譲渡所得,店舗併用住宅を売ったとき、買い換えたとき,data/markdown/nta_taxanswer_asset_tax/04_transfer_income/3452_店舗併用住宅を売ったときの特例.md,令和7年4月1日現在法令等,ok,
3455,店舗併用住宅を買い換えたときの特例,所得税,店舗併用住宅を売ったとき、買い換えたとき,譲渡所得,https://www.nta.go.jp/taxes/shiraberu/taxanswer/joto/3455.htm,https://www.nta.go.jp/taxes/shiraberu/taxanswer/code/index.htm,譲渡所得,店舗併用住宅を売ったとき、買い換えたとき,data/markdown/nta_taxanswer_asset_tax/04_transfer_income/3455_店舗併用住宅を買い換えたときの特例.md,令和7年4月1日現在法令等,ok,
3502,土地建物の交換をしたときの特例,所得税,土地建物の交換をしたとき,譲渡所得,https://www.nta.go.jp/taxes/shiraberu/taxanswer/joto/3502.htm,https://www.nta.go.jp/taxes/shiraberu/taxanswer/code/index.htm,譲渡所得,土地建物の交換をしたとき,data/markdown/nta_taxanswer_asset_tax/04_transfer_income/3502_土地建物の交換をしたときの特例.md,令和7年4月1日現在法令等,ok,
3505,借地権と底地を交換したとき,所得税,土地建物の交換をしたとき,譲渡所得,https://www.nta.go.jp/taxes/shiraberu/taxanswer/joto/3505.htm,https://www.nta.go.jp/taxes/shiraberu/taxanswer/code/index.htm,譲渡所得,土地建物の交換をしたとき,data/markdown/nta_taxanswer_asset_tax/04_transfer_income/3505_借地権と底地を交換したとき.md,令和7年4月1日現在法令等,ok,
3508,交換差金を受け取ったとき,所得税,土地建物の交換をしたとき,譲渡所得,https://www.nta.go.jp/taxes/shiraberu/taxanswer/joto/3508.htm,https://www.nta.go.jp/taxes/shiraberu/taxanswer/code/index.htm,譲渡所得,土地建物の交換をしたとき,data/markdown/nta_taxanswer_asset_tax/04_transfer_income/3508_交換差金を受け取ったとき.md,令和7年4月1日現在法令等,ok,
3511,土地建物と土地を等価で交換したとき,所得税,土地建物の交換をしたとき,譲渡所得,https://www.nta.go.jp/taxes/shiraberu/taxanswer/joto/3511.htm,https://www.nta.go.jp/taxes/shiraberu/taxanswer/code/index.htm,譲渡所得,土地建物の交換をしたとき,data/markdown/nta_taxanswer_asset_tax/04_transfer_income/3511_土地建物と土地を等価で交換したとき.md,令和7年4月1日現在法令等,ok,
3514,資産の一部を交換とし、一部を売買としたとき,所得税,土地建物の交換をしたとき,譲渡所得,https://www.nta.go.jp/taxes/shiraberu/taxanswer/joto/3514.htm,https://www.nta.go.jp/taxes/shiraberu/taxanswer/code/index.htm,譲渡所得,土地建物の交換をしたとき,data/markdown/nta_taxanswer_asset_tax/04_transfer_income/3514_資産の一部を交換とし、一部を売買としたとき.md,令和7年4月1日現在法令等,ok,
3517,不動産業者などが所有している土地建物と交換したとき,所得税,土地建物の交換をしたとき,譲渡所得,https://www.nta.go.jp/taxes/shiraberu/taxanswer/joto/3517.htm,https://www.nta.go.jp/taxes/shiraberu/taxanswer/code/index.htm,譲渡所得,土地建物の交換をしたとき,data/markdown/nta_taxanswer_asset_tax/04_transfer_income/3517_不動産業者などが所有している土地建物と交換したとき.md,令和7年4月1日現在法令等,ok,
3552,収用等により土地建物を売ったときの特例,所得税,土地建物を収用されたとき,譲渡所得,https://www.nta.go.jp/taxes/shiraberu/taxanswer/joto/3552.htm,https://www.nta.go.jp/taxes/shiraberu/taxanswer/code/index.htm,譲渡所得,土地建物を収用されたとき,data/markdown/nta_taxanswer_asset_tax/04_transfer_income/3552_収用等により土地建物を売ったときの特例.md,令和7年4月1日現在法令等,ok,
3555,収用等により取得する各種補償金の所得区分,所得税,土地建物を収用されたとき,譲渡所得,https://www.nta.go.jp/taxes/shiraberu/taxanswer/joto/3555.htm,https://www.nta.go.jp/taxes/shiraberu/taxanswer/code/index.htm,譲渡所得,土地建物を収用されたとき,data/markdown/nta_taxanswer_asset_tax/04_transfer_income/3555_収用等により取得する各種補償金の所得区分.md,令和7年4月1日現在法令等,ok,
3560,居住者が海外の不動産を売却した場合の課税関係等,所得税,海外の不動産を売ったとき,譲渡所得,https://www.nta.go.jp/taxes/shiraberu/taxanswer/joto/3560.htm,https://www.nta.go.jp/taxes/shiraberu/taxanswer/code/index.htm,譲渡所得,海外の不動産を売ったとき,data/markdown/nta_taxanswer_asset_tax/04_transfer_income/3560_居住者が海外の不動産を売却した場合の課税関係等.md,令和7年4月1日現在法令等,ok,
